,F0,spectralCentroid,MFCC,energy,chroma,spectralFlux,spectralSpread,spectralEntropy,ZCR,loudness,energyEntropy,chromaDeviation,spectralRolloff
03b10Ec,[ 982.],"[[ 0.26945877  0.27245113  0.28452287 ...,  0.          0.          0.        ]]","[[ -3.51567421e+01  -3.48181853e+01  -3.50386378e+01 ...,   0.00000000e+00
    0.00000000e+00   0.00000000e+00]
 [  1.06669060e-01   3.75485883e-01   5.50071852e-02 ...,   0.00000000e+00
    0.00000000e+00   0.00000000e+00]
 [ -9.26392730e-02  -3.69986017e-02  -3.27371562e-01 ...,   0.00000000e+00
    0.00000000e+00   0.00000000e+00]
 ..., 
 [ -6.82334137e-02   8.45046114e-02  -1.83969391e-02 ...,   0.00000000e+00
    0.00000000e+00   0.00000000e+00]
 [  2.19691216e-01   2.40257706e-01  -7.74372742e-02 ...,   0.00000000e+00
    0.00000000e+00   0.00000000e+00]
 [  2.55430365e-01   3.14252774e-01  -2.65749203e-02 ...,   0.00000000e+00
    0.00000000e+00   0.00000000e+00]]","[[  8.19431967e-06   1.07433903e-05   7.04727218e-06 ...,   0.00000000e+00
    0.00000000e+00   0.00000000e+00]]","[[ 0.0004697   0.00051405  0.00062415 ...,  0.          0.          0.        ]
 [ 0.02598104  0.03788252  0.00347659 ...,  0.          0.          0.        ]
 [ 0.00049726  0.00022147  0.00134309 ...,  0.          0.          0.        ]
 ..., 
 [ 0.00079371  0.00037136  0.00090749 ...,  0.          0.          0.        ]
 [ 0.00092863  0.00191868  0.00133187 ...,  0.          0.          0.        ]
 [ 0.04124636  0.00376708  0.0852799  ...,  0.          0.          0.        ]]","[[ 0.          0.00538523  0.01189088 ...,  0.          0.          0.        ]]","[[ 0.24746836  0.2490597   0.25075347 ...,  0.          0.          0.        ]]","[[ 0.84758955  0.83473287  0.92765751 ...,  0.          0.          0.        ]]","[[ 0.08010013  0.05381727  0.12015019 ...,  0.          0.          0.        ]]",[ 4921.71829751],"[[ 3.02593501  3.11863102  2.97402408 ...,  0.          0.          0.        ]]","[[ 0.07677996  0.10436369  0.04767299 ...,  0.          0.          0.        ]]","[[ 0.1575  0.155   0.185  ...,  0.      0.      0.    ]]"
09a01Ea,[ 884.],"[[ 0.16088684  0.15434097  0.10437247 ...,  0.          0.          0.        ]]","[[ -3.86683679e+01  -3.61515235e+01  -3.32559707e+01 ...,   0.00000000e+00
    0.00000000e+00   0.00000000e+00]
 [  1.21687308e+00   2.15820862e+00   4.03359612e+00 ...,   0.00000000e+00
    0.00000000e+00   0.00000000e+00]
 [  7.09390515e-01   3.46347283e-01   5.50665985e-01 ...,   0.00000000e+00
    0.00000000e+00   0.00000000e+00]
 ..., 
 [ -6.20579837e-02   9.19907198e-02  -2.48411409e-01 ...,   0.00000000e+00
    0.00000000e+00   0.00000000e+00]
 [  7.03085048e-02   6.35826463e-02  -3.62622652e-01 ...,   0.00000000e+00
    0.00000000e+00   0.00000000e+00]
 [  3.67857927e-02   7.44666879e-02  -1.19744871e-01 ...,   0.00000000e+00
    0.00000000e+00   0.00000000e+00]]","[[  2.10301782e-05   2.08780442e-05   9.59254949e-05 ...,   0.00000000e+00
    0.00000000e+00   0.00000000e+00]]","[[  1.68232654e-05   9.16392165e-05   6.18952619e-03 ...,   0.00000000e+00
    0.00000000e+00   0.00000000e+00]
 [  1.27355962e-03   3.34749725e-02   6.94484743e-02 ...,   0.00000000e+00
    0.00000000e+00   0.00000000e+00]
 [  4.72621237e-05   3.44122566e-04   3.48382589e-02 ...,   0.00000000e+00
    0.00000000e+00   0.00000000e+00]
 ..., 
 [  1.46470918e-05   7.64015442e-05   8.70412394e-05 ...,   0.00000000e+00
    0.00000000e+00   0.00000000e+00]
 [  1.84141337e-05   4.93815971e-04   1.78318086e-03 ...,   0.00000000e+00
    0.00000000e+00   0.00000000e+00]
 [  1.14770108e-01   1.36067198e-01   2.92604890e-02 ...,   0.00000000e+00
    0.00000000e+00   0.00000000e+00]]","[[ 0.          0.02679887  0.06507565 ...,  0.          0.          0.        ]]","[[ 0.2661147   0.25198023  0.18282383 ...,  0.          0.          0.        ]]","[[ 0.03020602  0.05550436  0.04981928 ...,  0.          0.          0.        ]]","[[ 0.00750939  0.01376721  0.02377972 ...,  0.          0.          0.        ]]",[ 3561.39003761],"[[ 2.5972652   2.64033822  2.24737366 ...,  0.          0.          0.        ]]","[[ 0.05049491  0.039074    0.03137439 ...,  0.          0.          0.        ]]","[[ 0.0025  0.005   0.0525 ...,  0.      0.      0.    ]]"
09a02Ea,[ 1314.],"[[ 0.29301789  0.32303817  0.41755131 ...,  0.          0.          0.        ]]","[[ -3.91637334e+01  -4.00183821e+01  -2.83000760e+01 ...,   0.00000000e+00
    0.00000000e+00   0.00000000e+00]
 [  1.37197060e+00   9.21496542e-01   1.13751807e+00 ...,   0.00000000e+00
    0.00000000e+00   0.00000000e+00]
 [  5.23064708e-01   3.97759785e-01  -1.01426377e-02 ...,   0.00000000e+00
    0.00000000e+00   0.00000000e+00]
 ..., 
 [ -3.46667731e-02  -1.09156124e-01   2.33829457e-01 ...,   0.00000000e+00
    0.00000000e+00   0.00000000e+00]
 [ -1.77933255e-01  -1.68645712e-01  -1.20045766e-02 ...,   0.00000000e+00
    0.00000000e+00   0.00000000e+00]
 [ -1.42131184e-01   1.05447130e-02   3.49614504e-03 ...,   0.00000000e+00
    0.00000000e+00   0.00000000e+00]]","[[  8.68347015e-07   7.84224848e-07   2.80644234e-04 ...,   0.00000000e+00
    0.00000000e+00   0.00000000e+00]]","[[  5.11219101e-04   3.31920360e-04   9.51236141e-03 ...,   0.00000000e+00
    0.00000000e+00   0.00000000e+00]
 [  2.22069267e-01   2.39298453e-01   1.73630658e-02 ...,   0.00000000e+00
    0.00000000e+00   0.00000000e+00]
 [  1.37721884e-03   4.39611582e-04   3.73560952e-03 ...,   0.00000000e+00
    0.00000000e+00   0.00000000e+00]
 ..., 
 [  4.79074760e-04   1.78773371e-04   3.81943081e-03 ...,   0.00000000e+00
    0.00000000e+00   0.00000000e+00]
 [  1.54758236e-03   2.23713260e-04   8.95627711e-03 ...,   0.00000000e+00
    0.00000000e+00   0.00000000e+00]
 [  5.35984844e-02   1.34585175e-02   2.26745802e-02 ...,   0.00000000e+00
    0.00000000e+00   0.00000000e+00]]","[[ 0.          0.003482    0.02125223 ...,  0.          0.          0.        ]]","[[ 0.30959938  0.3170927   0.30709191 ...,  0.          0.          0.        ]]","[[ 0.43362755  0.46816147  2.69918427 ...,  0.          0.          0.        ]]","[[ 0.06633292  0.09762203  0.23904881 ...,  0.          0.          0.        ]]",[ 3307.23268005],"[[ 2.95628867  2.8619496   1.42637584 ...,  0.          0.          0.        ]]","[[ 0.06423758  0.0794188   0.00659716 ...,  0.          0.          0.        ]]","[[ 0.01    0.0075  0.87   ...,  0.      0.      0.    ]]"
09a02Eb,[ 866.],"[[ 0.14128122  0.36400817  0.34807935 ...,  0.          0.          0.        ]]","[[-40.50972499 -37.43637288 -30.91724321 ...,   0.           0.           0.        ]
 [  2.21959569  -0.10214818   0.64244504 ...,   0.           0.           0.        ]
 [  0.39267151   1.21421882  -0.50750455 ...,   0.           0.           0.        ]
 ..., 
 [  0.27022111   0.13843189  -0.19113274 ...,   0.           0.           0.        ]
 [  0.12562463   0.07971478   0.08081309 ...,   0.           0.           0.        ]
 [  0.142563    -0.04102911  -0.19005787 ...,   0.           0.           0.        ]]","[[  9.86349461e-07   1.90218467e-06   2.89164538e-05 ...,   0.00000000e+00
    0.00000000e+00   0.00000000e+00]]","[[  9.01761690e-05   8.98968694e-04   5.88550782e-03 ...,   0.00000000e+00
    0.00000000e+00   0.00000000e+00]
 [  6.19152477e-02   6.76674118e-03   1.77835221e-02 ...,   0.00000000e+00
    0.00000000e+00   0.00000000e+00]
 [  2.46170352e-04   1.62350051e-03   8.85752487e-03 ...,   0.00000000e+00
    0.00000000e+00   0.00000000e+00]
 ..., 
 [  2.39712698e-04   5.34286303e-04   4.62976672e-03 ...,   0.00000000e+00
    0.00000000e+00   0.00000000e+00]
 [  7.46761212e-04   7.94368862e-04   5.51563887e-03 ...,   0.00000000e+00
    0.00000000e+00   0.00000000e+00]
 [  1.11662023e-01   1.01036938e-01   1.16462700e-02 ...,   0.00000000e+00
    0.00000000e+00   0.00000000e+00]]","[[ 0.          0.03518743  0.00842994 ...,  0.          0.          0.        ]]","[[ 0.2435364   0.25330084  0.27310931 ...,  0.          0.          0.        ]]","[[ 0.05877803  1.3761924   2.54325423 ...,  0.          0.          0.        ]]","[[ 0.01627034  0.03003755  0.14893617 ...,  0.          0.          0.        ]]",[ 3957.25435119],"[[ 2.21909454  2.72810051  0.86113381 ...,  0.          0.          0.        ]]","[[ 0.04331553  0.03196981  0.00364855 ...,  0.          0.          0.        ]]","[[ 0.0075  0.45    0.585  ...,  0.      0.      0.    ]]"
09a05Ed,[ 1113.],"[[ 0.21664794  0.26644653  0.24538866 ...,  0.          0.          0.        ]]","[[ -3.65129591e+01  -3.73408511e+01  -3.72571573e+01 ...,   0.00000000e+00
    0.00000000e+00   0.00000000e+00]
 [  1.99248164e+00   1.77343413e+00   1.66620145e+00 ...,   0.00000000e+00
    0.00000000e+00   0.00000000e+00]
 [  5.32676938e-01   8.06293335e-01   5.69091350e-01 ...,   0.00000000e+00
    0.00000000e+00   0.00000000e+00]
 ..., 
 [  2.69752750e-01  -2.53979508e-01  -2.60414221e-02 ...,   0.00000000e+00
    0.00000000e+00   0.00000000e+00]
 [  2.94197004e-01  -9.99598742e-02  -9.20123234e-02 ...,   0.00000000e+00
    0.00000000e+00   0.00000000e+00]
 [  2.16788642e-01   6.84849123e-02  -2.62448182e-02 ...,   0.00000000e+00
    0.00000000e+00   0.00000000e+00]]","[[  9.31657877e-06   2.69628845e-06   4.21732597e-06 ...,   0.00000000e+00
    0.00000000e+00   0.00000000e+00]]","[[  2.15340553e-04   4.66635302e-04   8.89427601e-05 ...,   0.00000000e+00
    0.00000000e+00   0.00000000e+00]
 [  2.56622928e-02   1.47274148e-01   5.13255482e-02 ...,   0.00000000e+00
    0.00000000e+00   0.00000000e+00]
 [  6.18591174e-04   3.95288241e-03   8.63506313e-04 ...,   0.00000000e+00
    0.00000000e+00   0.00000000e+00]
 ..., 
 [  5.52925590e-04   3.88387851e-04   2.43603874e-04 ...,   0.00000000e+00
    0.00000000e+00   0.00000000e+00]
 [  1.16577945e-03   5.10719937e-03   1.16287247e-03 ...,   0.00000000e+00
    0.00000000e+00   0.00000000e+00]
 [  6.12315835e-02   4.66002645e-02   8.11123779e-02 ...,   0.00000000e+00
    0.00000000e+00   0.00000000e+00]]","[[ 0.          0.00885083  0.00678596 ...,  0.          0.          0.        ]]","[[ 0.28766245  0.30332931  0.29741388 ...,  0.          0.          0.        ]]","[[ 0.17224325  0.3922837   0.24773837 ...,  0.          0.          0.        ]]","[[ 0.05381727  0.08385482  0.03629537 ...,  0.          0.          0.        ]]",[ 3883.0664429],"[[ 2.7079839   2.90964686  3.10446441 ...,  0.          0.          0.        ]]","[[ 0.07378914  0.05497321  0.0544967  ...,  0.          0.          0.        ]]","[[ 0.01   0.025  0.01  ...,  0.     0.     0.   ]]"
09a07Eb,[ 1125.],"[[ 0.18726903  0.14513414  0.15796423 ...,  0.          0.          0.        ]]","[[ -3.89681692e+01  -3.94691153e+01  -3.76139545e+01 ...,   0.00000000e+00
    0.00000000e+00   0.00000000e+00]
 [  1.68576726e+00   1.59158816e+00   2.15870089e+00 ...,   0.00000000e+00
    0.00000000e+00   0.00000000e+00]
 [  4.22992257e-01   8.36770604e-01   5.12823252e-01 ...,   0.00000000e+00
    0.00000000e+00   0.00000000e+00]
 ..., 
 [  5.79789034e-02   7.36180721e-02   7.92152990e-02 ...,   0.00000000e+00
    0.00000000e+00   0.00000000e+00]
 [  1.48528923e-01   7.38139615e-03  -3.97187772e-02 ...,   0.00000000e+00
    0.00000000e+00   0.00000000e+00]
 [  9.52688417e-02  -9.30001114e-02   5.52778046e-02 ...,   0.00000000e+00
    0.00000000e+00   0.00000000e+00]]","[[  6.94471440e-06   1.20847774e-05   8.86705237e-06 ...,   0.00000000e+00
    0.00000000e+00   0.00000000e+00]]","[[  8.69871933e-06   6.55224989e-06   1.24737894e-04 ...,   0.00000000e+00
    0.00000000e+00   0.00000000e+00]
 [  1.25013445e-01   4.38934017e-02   4.77283696e-02 ...,   0.00000000e+00
    0.00000000e+00   0.00000000e+00]
 [  2.42483650e-04   4.88691210e-05   2.49207468e-04 ...,   0.00000000e+00
    0.00000000e+00   0.00000000e+00]
 ..., 
 [  2.44875199e-04   3.60261500e-05   1.83661513e-04 ...,   0.00000000e+00
    0.00000000e+00   0.00000000e+00]
 [  2.75216172e-04   2.96797191e-04   8.62246626e-04 ...,   0.00000000e+00
    0.00000000e+00   0.00000000e+00]
 [  1.13641634e-02   1.18337852e-01   1.27146669e-01 ...,   0.00000000e+00
    0.00000000e+00   0.00000000e+00]]","[[ 0.          0.06499507  0.00960651 ...,  0.          0.          0.        ]]","[[ 0.2782875   0.25897963  0.25618147 ...,  0.          0.          0.        ]]","[[ 0.06885458  0.0282075   0.05590373 ...,  0.          0.          0.        ]]","[[ 0.0175219   0.01501877  0.01627034 ...,  0.          0.          0.        ]]",[ 4567.95337104],"[[ 2.45896755  2.93391003  2.78806677 ...,  0.          0.          0.        ]]","[[ 0.09589122  0.04099358  0.03884537 ...,  0.          0.          0.        ]]","[[ 0.005  0.005  0.005 ...,  0.     0.     0.   ]]"
09b01Ea,[ 1490.],"[[ 0.15447514  0.24127062  0.18044117 ...,  0.          0.          0.        ]]","[[-39.94840128 -38.54021421 -30.00043537 ...,   0.           0.           0.        ]
 [  1.7162826   -0.44808779   1.76881464 ...,   0.           0.           0.        ]
 [  0.58531282   0.86558407  -0.65782403 ...,   0.           0.           0.        ]
 ..., 
 [ -0.04008578  -0.19647979   0.17659696 ...,   0.           0.           0.        ]
 [  0.18732526  -0.28365512  -0.20364235 ...,   0.           0.           0.        ]
 [  0.29459581   0.51709601   0.20610953 ...,   0.           0.           0.        ]]","[[  3.78082625e-06   3.83214891e-06   8.35087017e-05 ...,   0.00000000e+00
    0.00000000e+00   0.00000000e+00]]","[[  2.15096205e-05   1.21504968e-04   6.05161629e-04 ...,   0.00000000e+00
    0.00000000e+00   0.00000000e+00]
 [  2.15783501e-02   6.87584892e-03   3.81851347e-02 ...,   0.00000000e+00
    0.00000000e+00   0.00000000e+00]
 [  6.18971986e-05   1.41552910e-04   1.34380773e-02 ...,   0.00000000e+00
    0.00000000e+00   0.00000000e+00]
 ..., 
 [  4.38870879e-05   1.79818845e-04   1.68034117e-02 ...,   0.00000000e+00
    0.00000000e+00   0.00000000e+00]
 [  1.54040837e-04   5.11074528e-04   1.48919409e-02 ...,   0.00000000e+00
    0.00000000e+00   0.00000000e+00]
 [  1.51734936e-01   1.45154800e-01   2.21924892e-02 ...,   0.00000000e+00
    0.00000000e+00   0.00000000e+00]]","[[ 0.          0.02665276  0.04829447 ...,  0.          0.          0.        ]]","[[ 0.2565984   0.23421117  0.19083802 ...,  0.          0.          0.        ]]","[[ 0.03414914  0.38705234  1.08202906 ...,  0.          0.          0.        ]]","[[ 0.          0.01251564  0.05131414 ...,  0.          0.          0.        ]]",[ 3095.94234442],"[[ 2.88831177  2.95298314  1.5974938  ...,  0.          0.          0.        ]]","[[ 0.04161557  0.04013301  0.0089783  ...,  0.          0.          0.        ]]","[[ 0.0025  0.0025  0.185  ...,  0.      0.      0.    ]]"
09b03Ed,[ 982.],"[[ 0.26065923  0.25641186  0.21307261 ...,  0.          0.          0.        ]]","[[ -3.97010953e+01  -3.88385459e+01  -3.96551625e+01 ...,   0.00000000e+00
    0.00000000e+00   0.00000000e+00]
 [  1.31107005e+00   1.63568048e+00   9.84092135e-01 ...,   0.00000000e+00
    0.00000000e+00   0.00000000e+00]
 [  5.48538131e-01   3.77968159e-01   5.68688167e-01 ...,   0.00000000e+00
    0.00000000e+00   0.00000000e+00]
 ..., 
 [  1.75589348e-01   5.44024123e-02  -6.57696669e-03 ...,   0.00000000e+00
    0.00000000e+00   0.00000000e+00]
 [ -1.42796617e-02   2.41343003e-01  -7.54047618e-02 ...,   0.00000000e+00
    0.00000000e+00   0.00000000e+00]
 [  1.65331677e-01   1.74461004e-01  -7.50257032e-02 ...,   0.00000000e+00
    0.00000000e+00   0.00000000e+00]]","[[  1.60813532e-06   1.10313808e-06   4.53661408e-06 ...,   0.00000000e+00
    0.00000000e+00   0.00000000e+00]]","[[  1.41939965e-04   2.22316415e-04   2.18372723e-05 ...,   0.00000000e+00
    0.00000000e+00   0.00000000e+00]
 [  2.26499299e-02   6.62537780e-02   4.47157733e-03 ...,   0.00000000e+00
    0.00000000e+00   0.00000000e+00]
 [  1.55568302e-04   1.39729876e-03   1.06843378e-04 ...,   0.00000000e+00
    0.00000000e+00   0.00000000e+00]
 ..., 
 [  1.37503915e-04   3.40492778e-04   3.87045663e-05 ...,   0.00000000e+00
    0.00000000e+00   0.00000000e+00]
 [  3.39317180e-04   7.32803165e-04   4.84924569e-04 ...,   0.00000000e+00
    0.00000000e+00   0.00000000e+00]
 [  1.08328992e-01   9.59751892e-02   7.50830106e-02 ...,   0.00000000e+00
    0.00000000e+00   0.00000000e+00]]","[[ 0.          0.00758121  0.02729976 ...,  0.          0.          0.        ]]","[[ 0.30690008  0.30226839  0.29074832 ...,  0.          0.          0.        ]]","[[ 0.17689745  0.28566618  0.0804168  ...,  0.          0.          0.        ]]","[[ 0.05131414  0.06883605  0.03754693 ...,  0.          0.          0.        ]]",[ 3336.95444979],"[[ 2.87249181  2.85399392  2.33519938 ...,  0.          0.          0.        ]]","[[ 0.04639507  0.04154015  0.07413343 ...,  0.          0.          0.        ]]","[[ 0.0025  0.0075  0.0025 ...,  0.      0.      0.    ]]"
09b09Ea,[ 889.],"[[ 0.31493172  0.27943891  0.21238513 ...,  0.          0.          0.        ]]","[[ -3.82599353e+01  -3.77382423e+01  -3.73197247e+01 ...,   0.00000000e+00
    0.00000000e+00   0.00000000e+00]
 [  1.26610324e+00   1.53733326e+00   1.88415908e+00 ...,   0.00000000e+00
    0.00000000e+00   0.00000000e+00]
 [  4.89467312e-01   3.99695144e-01   5.65204954e-01 ...,   0.00000000e+00
    0.00000000e+00   0.00000000e+00]
 ..., 
 [  9.21493611e-02   1.81085136e-01  -1.17196252e-02 ...,   0.00000000e+00
    0.00000000e+00   0.00000000e+00]
 [  4.97658391e-02  -1.43783878e-02   2.41681196e-02 ...,   0.00000000e+00
    0.00000000e+00   0.00000000e+00]
 [  6.89688790e-02  -8.54215072e-03   5.90082428e-03 ...,   0.00000000e+00
    0.00000000e+00   0.00000000e+00]]","[[  1.74526191e-06   1.74289406e-06   5.72593936e-06 ...,   0.00000000e+00
    0.00000000e+00   0.00000000e+00]]","[[  2.25599487e-04   3.85067936e-04   7.18622404e-05 ...,   0.00000000e+00
    0.00000000e+00   0.00000000e+00]
 [  3.91671754e-01   2.45489076e-01   5.92235036e-03 ...,   0.00000000e+00
    0.00000000e+00   0.00000000e+00]
 [  8.65417527e-04   1.23079210e-03   5.77297277e-04 ...,   0.00000000e+00
    0.00000000e+00   0.00000000e+00]
 ..., 
 [  5.22799184e-04   8.17550354e-04   3.61975325e-04 ...,   0.00000000e+00
    0.00000000e+00   0.00000000e+00]
 [  1.94965875e-03   4.70599181e-03   1.67668113e-03 ...,   0.00000000e+00
    0.00000000e+00   0.00000000e+00]
 [  6.80744078e-03   5.33489992e-02   1.36682924e-01 ...,   0.00000000e+00
    0.00000000e+00   0.00000000e+00]]","[[ 0.          0.00649773  0.02976235 ...,  0.          0.          0.        ]]","[[ 0.30588555  0.30373291  0.28717442 ...,  0.          0.          0.        ]]","[[ 0.47437623  0.44420732  0.12546084 ...,  0.          0.          0.        ]]","[[ 0.05757196  0.04881101  0.0212766  ...,  0.          0.          0.        ]]",[ 4294.20830887],"[[ 3.07020317  3.14149672  2.79666124 ...,  0.          0.          0.        ]]","[[ 0.10747126  0.06752078  0.04148153 ...,  0.          0.          0.        ]]","[[ 0.0125  0.02    0.0025 ...,  0.      0.      0.    ]]"
10b01Ea,[ 1436.],"[[ 0.39622372  0.35418499  0.32774231 ...,  0.          0.          0.        ]]","[[ -2.92500071e+01  -2.81574744e+01  -2.83298165e+01 ...,   0.00000000e+00
    0.00000000e+00   0.00000000e+00]
 [  1.25176283e+00   1.57124479e+00   1.84470380e+00 ...,   0.00000000e+00
    0.00000000e+00   0.00000000e+00]
 [ -4.28047171e-02   3.68374722e-01   4.24141709e-01 ...,   0.00000000e+00
    0.00000000e+00   0.00000000e+00]
 ..., 
 [  1.66227678e-01  -1.56706096e-01  -3.10964845e-01 ...,   0.00000000e+00
    0.00000000e+00   0.00000000e+00]
 [  5.54675603e-01   6.80376046e-01   4.25800877e-01 ...,   0.00000000e+00
    0.00000000e+00   0.00000000e+00]
 [ -2.80303539e-03   8.93653333e-02   7.34797175e-02 ...,   0.00000000e+00
    0.00000000e+00   0.00000000e+00]]","[[ 0.00015514  0.00035483  0.00045591 ...,  0.          0.          0.        ]]","[[ 0.00453445  0.00099821  0.0114097  ...,  0.          0.          0.        ]
 [ 0.01040815  0.00867988  0.00620353 ...,  0.          0.          0.        ]
 [ 0.00946593  0.005241    0.00336157 ...,  0.          0.          0.        ]
 ..., 
 [ 0.00364546  0.00255757  0.00319084 ...,  0.          0.          0.        ]
 [ 0.01198566  0.01442266  0.00908374 ...,  0.          0.          0.        ]
 [ 0.00973893  0.00639522  0.01165237 ...,  0.          0.          0.        ]]","[[ 0.          0.0024742   0.00314088 ...,  0.          0.          0.        ]]","[[ 0.30648784  0.28851229  0.27025756 ...,  0.          0.          0.        ]]","[[ 2.54337086  2.14845139  1.83982757 ...,  0.          0.          0.        ]]","[[ 0.3028786   0.28660826  0.24405507 ...,  0.          0.          0.        ]]",[ 3801.01670609],"[[ 2.98854873  3.19123528  3.2475605  ...,  0.          0.          0.        ]]","[[ 0.01056667  0.01356449  0.01789607 ...,  0.          0.          0.        ]]","[[ 0.7975  0.6     0.43   ...,  0.      0.      0.    ]]"
11a02Ec,[ 960.],"[[ 0.360424    0.19170482  0.15624033 ...,  0.          0.          0.        ]]","[[ -2.55264264e+01  -2.27253796e+01  -2.21721665e+01 ...,   0.00000000e+00
    0.00000000e+00   0.00000000e+00]
 [  1.37400406e+00   2.58253172e+00   2.73797283e+00 ...,   0.00000000e+00
    0.00000000e+00   0.00000000e+00]
 [  2.72057584e-01  -9.94116170e-02  -7.17479499e-01 ...,   0.00000000e+00
    0.00000000e+00   0.00000000e+00]
 ..., 
 [  2.15007365e-02   3.21122682e-01   3.72298391e-01 ...,   0.00000000e+00
    0.00000000e+00   0.00000000e+00]
 [  2.72157338e-02  -4.28104535e-01  -3.36163020e-01 ...,   0.00000000e+00
    0.00000000e+00   0.00000000e+00]
 [ -5.63927042e-02  -4.65118450e-01  -9.56987320e-02 ...,   0.00000000e+00
    0.00000000e+00   0.00000000e+00]]","[[ 0.00187958  0.09471675  0.16067579 ...,  0.          0.          0.        ]]","[[ 0.00261439  0.06354976  0.03239025 ...,  0.          0.          0.        ]
 [ 0.01736337  0.01142614  0.00192937 ...,  0.          0.          0.        ]
 [ 0.00550136  0.00129596  0.00063237 ...,  0.          0.          0.        ]
 ..., 
 [ 0.0071752   0.00178852  0.0015504  ...,  0.          0.          0.        ]
 [ 0.00642793  0.00205358  0.00261069 ...,  0.          0.          0.        ]
 [ 0.02050369  0.00282711  0.01471193 ...,  0.          0.          0.        ]]","[[ 0.          0.02337192  0.00549779 ...,  0.          0.          0.        ]]","[[ 0.27048048  0.22790991  0.19858454 ...,  0.          0.          0.        ]]","[[ 2.52328927  0.25632952  0.2150848  ...,  0.          0.          0.        ]]","[[ 0.13141427  0.15269086  0.05256571 ...,  0.          0.          0.        ]]",[ 5504.13907891],"[[ 2.18772201  2.19325494  3.15023731 ...,  0.          0.          0.        ]]","[[ 0.00590444  0.03138228  0.02953732 ...,  0.          0.          0.        ]]","[[ 0.67    0.0575  0.075  ...,  0.      0.      0.    ]]"
11b01Eb,[ 956.],"[[ 0.28889899  0.22868554  0.15665356 ...,  0.          0.          0.        ]]","[[ -3.77714646e+01  -3.67777963e+01  -3.48679744e+01 ...,   0.00000000e+00
    0.00000000e+00   0.00000000e+00]
 [  1.10944523e+00   2.46841389e+00   3.25526197e+00 ...,   0.00000000e+00
    0.00000000e+00   0.00000000e+00]
 [  5.97228189e-01   1.11223348e+00   1.22326174e+00 ...,   0.00000000e+00
    0.00000000e+00   0.00000000e+00]
 ..., 
 [  1.31687604e-01   7.71534923e-03   1.10114120e-01 ...,   0.00000000e+00
    0.00000000e+00   0.00000000e+00]
 [  6.30799497e-03  -1.81458060e-01   2.07178269e-01 ...,   0.00000000e+00
    0.00000000e+00   0.00000000e+00]
 [ -1.84673255e-02   9.33925470e-02   3.35410139e-01 ...,   0.00000000e+00
    0.00000000e+00   0.00000000e+00]]","[[  3.79788584e-06   5.80233443e-06   2.79504337e-05 ...,   0.00000000e+00
    0.00000000e+00   0.00000000e+00]]","[[  6.44405737e-05   1.98173421e-04   3.97485669e-04 ...,   0.00000000e+00
    0.00000000e+00   0.00000000e+00]
 [  1.60307609e-02   3.85503258e-02   1.13627354e-01 ...,   0.00000000e+00
    0.00000000e+00   0.00000000e+00]
 [  2.61311046e-04   4.59329429e-03   1.03545690e-02 ...,   0.00000000e+00
    0.00000000e+00   0.00000000e+00]
 ..., 
 [  2.29845838e-04   5.95185944e-04   2.72941803e-03 ...,   0.00000000e+00
    0.00000000e+00   0.00000000e+00]
 [  7.16544750e-04   3.04302758e-03   4.22865928e-03 ...,   0.00000000e+00
    0.00000000e+00   0.00000000e+00]
 [  1.47365333e-01   1.03194857e-01   1.21373910e-01 ...,   0.00000000e+00
    0.00000000e+00   0.00000000e+00]]","[[ 0.          0.0080875   0.03482032 ...,  0.          0.          0.        ]]","[[ 0.30780736  0.29021239  0.24810606 ...,  0.          0.          0.        ]]","[[ 0.23958045  0.2001113   0.11135231 ...,  0.          0.          0.        ]]","[[ 0.04130163  0.05006258  0.06883605 ...,  0.          0.          0.        ]]",[ 3848.22244679],"[[ 2.91856294  2.77993488  2.38568014 ...,  0.          0.          0.        ]]","[[ 0.04038106  0.03887646  0.0424367  ...,  0.          0.          0.        ]]","[[ 0.0025  0.0225  0.035  ...,  0.      0.      0.    ]]"
12a02Ec,[ 803.],"[[ 0.18538589  0.12736103  0.15954894 ...,  0.          0.          0.        ]]","[[ -3.63802283e+01  -3.89636997e+01  -3.74723092e+01 ...,   0.00000000e+00
    0.00000000e+00   0.00000000e+00]
 [  2.21677839e+00   1.45323602e+00   1.90906202e+00 ...,   0.00000000e+00
    0.00000000e+00   0.00000000e+00]
 [  2.86207865e-01   7.22409091e-01   5.27301973e-01 ...,   0.00000000e+00
    0.00000000e+00   0.00000000e+00]
 ..., 
 [  8.58608977e-03   2.08977896e-01   1.83260166e-02 ...,   0.00000000e+00
    0.00000000e+00   0.00000000e+00]
 [  9.75337290e-02   1.72664743e-01  -1.27661743e-01 ...,   0.00000000e+00
    0.00000000e+00   0.00000000e+00]
 [  8.77026723e-02   9.76959299e-02   4.64202067e-02 ...,   0.00000000e+00
    0.00000000e+00   0.00000000e+00]]","[[  9.44757211e-06   1.82233439e-05   1.12476047e-05 ...,   0.00000000e+00
    0.00000000e+00   0.00000000e+00]]","[[  2.04132013e-04   8.46843383e-06   1.11587695e-04 ...,   0.00000000e+00
    0.00000000e+00   0.00000000e+00]
 [  2.33374831e-01   2.05172225e-02   7.38058949e-02 ...,   0.00000000e+00
    0.00000000e+00   0.00000000e+00]
 [  1.29974403e-03   5.28212061e-05   6.93309983e-04 ...,   0.00000000e+00
    0.00000000e+00   0.00000000e+00]
 ..., 
 [  5.68834991e-04   3.92583383e-05   9.66003561e-05 ...,   0.00000000e+00
    0.00000000e+00   0.00000000e+00]
 [  1.03553162e-03   5.96233580e-05   5.20425295e-04 ...,   0.00000000e+00
    0.00000000e+00   0.00000000e+00]
 [  1.12060919e-02   1.11877062e-01   6.45763768e-02 ...,   0.00000000e+00
    0.00000000e+00   0.00000000e+00]]","[[ 0.          0.08906877  0.02324025 ...,  0.          0.          0.        ]]","[[ 0.2614321   0.23910651  0.25450548 ...,  0.          0.          0.        ]]","[[ 0.14040099  0.02165497  0.06336055 ...,  0.          0.          0.        ]]","[[ 0.02628285  0.00750939  0.04630788 ...,  0.          0.          0.        ]]",[ 3065.48071271],"[[ 2.66057773  2.89343867  2.17960129 ...,  0.          0.          0.        ]]","[[ 0.08254418  0.04753839  0.06427479 ...,  0.          0.          0.        ]]","[[ 0.005   0.0025  0.005  ...,  0.      0.      0.    ]]"
12b02Ea,[ 978.],"[[ 0.15099463  0.14676028  0.22299671 ...,  0.          0.          0.        ]]","[[ -3.89613563e+01  -3.80654015e+01  -3.71563826e+01 ...,   0.00000000e+00
    0.00000000e+00   0.00000000e+00]
 [  1.24367119e+00   1.40059685e+00   1.71866141e+00 ...,   0.00000000e+00
    0.00000000e+00   0.00000000e+00]
 [  1.80094124e-02   2.37465350e-01   2.21379653e-01 ...,   0.00000000e+00
    0.00000000e+00   0.00000000e+00]
 ..., 
 [  1.03528322e-02  -1.34440804e-01   9.16264800e-02 ...,   0.00000000e+00
    0.00000000e+00   0.00000000e+00]
 [  1.06044591e-01   1.86490210e-01   1.87250927e-01 ...,   0.00000000e+00
    0.00000000e+00   0.00000000e+00]
 [ -5.38538588e-02   2.70670252e-02  -6.80829492e-03 ...,   0.00000000e+00
    0.00000000e+00   0.00000000e+00]]","[[  1.44493498e-05   1.54263530e-05   5.28711282e-06 ...,   0.00000000e+00
    0.00000000e+00   0.00000000e+00]]","[[  1.72874059e-05   6.53675061e-05   4.10405862e-04 ...,   0.00000000e+00
    0.00000000e+00   0.00000000e+00]
 [  4.40160865e-03   1.88779269e-02   1.79175876e-02 ...,   0.00000000e+00
    0.00000000e+00   0.00000000e+00]
 [  3.69819228e-05   1.30384072e-04   1.38275332e-03 ...,   0.00000000e+00
    0.00000000e+00   0.00000000e+00]
 ..., 
 [  2.09795914e-05   8.23771351e-05   4.74177957e-04 ...,   0.00000000e+00
    0.00000000e+00   0.00000000e+00]
 [  1.17942893e-04   8.65656995e-05   5.13456950e-04 ...,   0.00000000e+00
    0.00000000e+00   0.00000000e+00]
 [  9.53657527e-02   8.39676631e-02   8.89806468e-03 ...,   0.00000000e+00
    0.00000000e+00   0.00000000e+00]]","[[ 0.          0.00369596  0.04490617 ...,  0.          0.          0.        ]]","[[ 0.25453578  0.24325236  0.2750722  ...,  0.          0.          0.        ]]","[[ 0.03074371  0.04546855  0.19987263 ...,  0.          0.          0.        ]]","[[ 0.04005006  0.02503129  0.0350438  ...,  0.          0.          0.        ]]",[ 3271.46756059],"[[ 2.39205611  2.65148279  2.70916288 ...,  0.          0.          0.        ]]","[[ 0.0607906   0.06413209  0.11912852 ...,  0.          0.          0.        ]]","[[ 0.0025  0.0025  0.005  ...,  0.      0.      0.    ]]"
13a01Ea,[ 1163.],"[[ 0.19329395  0.16233152  0.40482871 ...,  0.          0.          0.        ]]","[[-36.66014181 -38.44126082 -30.98725756 ...,   0.           0.           0.        ]
 [  2.30701254   1.72660727   0.67360423 ...,   0.           0.           0.        ]
 [  0.47643723   0.69703302   0.54523126 ...,   0.           0.           0.        ]
 ..., 
 [ -0.04978917   0.0820857    0.08303407 ...,   0.           0.           0.        ]
 [  0.19192822   0.26512524  -0.4835974  ...,   0.           0.           0.        ]
 [ -0.04714653   0.0550882    0.12396042 ...,   0.           0.           0.        ]]","[[  1.01265368e-05   1.34635050e-05   7.81590047e-05 ...,   0.00000000e+00
    0.00000000e+00   0.00000000e+00]]","[[  1.21559754e-04   2.82936602e-05   9.74458925e-04 ...,   0.00000000e+00
    0.00000000e+00   0.00000000e+00]
 [  9.10782281e-03   4.11376620e-02   4.42207263e-02 ...,   0.00000000e+00
    0.00000000e+00   0.00000000e+00]
 [  1.10191647e-03   1.76923386e-04   9.70508779e-03 ...,   0.00000000e+00
    0.00000000e+00   0.00000000e+00]
 ..., 
 [  3.91361518e-04   1.34798845e-05   3.55456905e-03 ...,   0.00000000e+00
    0.00000000e+00   0.00000000e+00]
 [  2.06230796e-03   1.63223981e-04   1.80782979e-03 ...,   0.00000000e+00
    0.00000000e+00   0.00000000e+00]
 [  1.12368242e-02   3.51787828e-02   6.19603254e-03 ...,   0.00000000e+00
    0.00000000e+00   0.00000000e+00]]","[[ 0.          0.02362312  0.078118   ...,  0.          0.          0.        ]]","[[ 0.27027874  0.2620125   0.27937783 ...,  0.          0.          0.        ]]","[[ 0.12417856  0.04940583  2.746605   ...,  0.          0.          0.        ]]","[[ 0.02377972  0.00750939  0.0738423  ...,  0.          0.          0.        ]]",[ 4260.59808008],"[[ 2.70604785  2.83923276  1.61824171 ...,  0.          0.          0.        ]]","[[ 0.12167737  0.09568458  0.02128508 ...,  0.          0.          0.        ]]","[[ 0.01   0.005  0.715 ...,  0.     0.     0.   ]]"
13a01Ec,[ 1138.],"[[ 0.26491611  0.22540619  0.50661421 ...,  0.          0.          0.        ]]","[[-36.40354678 -34.08751845 -26.68717932 ...,   0.           0.           0.        ]
 [  2.13986658   2.0337354    0.60537411 ...,   0.           0.           0.        ]
 [  0.97688273   0.43307345   0.38943545 ...,   0.           0.           0.        ]
 ..., 
 [  0.14726484   0.23029416   0.44214772 ...,   0.           0.           0.        ]
 [  0.2151973   -0.04090471   0.26689236 ...,   0.           0.           0.        ]
 [  0.13621047   0.06040614  -0.20607515 ...,   0.           0.           0.        ]]","[[  6.06875124e-05   3.39195349e-05   2.11611316e-03 ...,   0.00000000e+00
    0.00000000e+00   0.00000000e+00]]","[[  2.53086191e-05   1.49683169e-04   4.31332572e-03 ...,   0.00000000e+00
    0.00000000e+00   0.00000000e+00]
 [  3.40718387e-02   8.13100406e-02   1.36541376e-02 ...,   0.00000000e+00
    0.00000000e+00   0.00000000e+00]
 [  5.12453069e-04   2.12535142e-03   3.00662986e-03 ...,   0.00000000e+00
    0.00000000e+00   0.00000000e+00]
 ..., 
 [  8.14315348e-05   1.23640158e-03   3.76254551e-03 ...,   0.00000000e+00
    0.00000000e+00   0.00000000e+00]
 [  1.22540922e-03   2.37898460e-03   3.09395994e-03 ...,   0.00000000e+00
    0.00000000e+00   0.00000000e+00]
 [  7.23218033e-03   4.60962835e-03   1.39933889e-02 ...,   0.00000000e+00
    0.00000000e+00   0.00000000e+00]]","[[ 0.          0.01226761  0.02745234 ...,  0.          0.          0.        ]]","[[ 0.31610555  0.27346576  0.29648952 ...,  0.          0.          0.        ]]","[[ 0.13653745  0.28557603  2.96042109 ...,  0.          0.          0.        ]]","[[ 0.00250313  0.01251564  0.1689612  ...,  0.          0.          0.        ]]",[ 5486.83196389],"[[ 2.78184583  2.84272254  1.49698609 ...,  0.          0.          0.        ]]","[[ 0.11992267  0.09765822  0.00524684 ...,  0.          0.          0.        ]]","[[ 0.0075  0.0225  0.825  ...,  0.      0.      0.    ]]"
13a02Ec,[ 1101.],"[[ 0.13186343  0.1244456   0.34473595 ...,  0.          0.          0.        ]]","[[-36.63898524 -36.42187644 -26.92521316 ...,   0.           0.           0.        ]
 [  2.80699365   2.71133797   1.14010516 ...,   0.           0.           0.        ]
 [  0.94070327   0.86449256   0.62706667 ...,   0.           0.           0.        ]
 ..., 
 [  0.14151772   0.22046533  -0.56061554 ...,   0.           0.           0.        ]
 [ -0.05286379  -0.11023944   0.54324446 ...,   0.           0.           0.        ]
 [  0.04170889  -0.2281025    0.25965059 ...,   0.           0.           0.        ]]","[[  5.30576005e-05   9.38529773e-05   1.02472992e-03 ...,   0.00000000e+00
    0.00000000e+00   0.00000000e+00]]","[[  1.12512849e-04   7.24763120e-05   5.88999536e-03 ...,   0.00000000e+00
    0.00000000e+00   0.00000000e+00]
 [  4.55866113e-02   1.98470890e-02   3.00816096e-02 ...,   0.00000000e+00
    0.00000000e+00   0.00000000e+00]
 [  2.67337874e-04   2.49658777e-04   9.11601663e-03 ...,   0.00000000e+00
    0.00000000e+00   0.00000000e+00]
 ..., 
 [  3.21449185e-05   2.29837765e-05   3.32643779e-03 ...,   0.00000000e+00
    0.00000000e+00   0.00000000e+00]
 [  9.82395984e-04   1.25423626e-03   7.60426398e-03 ...,   0.00000000e+00
    0.00000000e+00   0.00000000e+00]
 [  7.04380657e-03   5.01365058e-03   1.63571173e-02 ...,   0.00000000e+00
    0.00000000e+00   0.00000000e+00]]","[[ 0.          0.00545016  0.13058929 ...,  0.          0.          0.        ]]","[[ 0.23891805  0.2335923   0.28203069 ...,  0.          0.          0.        ]]","[[ 0.02651771  0.01830986  2.09325602 ...,  0.          0.          0.        ]]","[[ 0.01001252  0.01251564  0.07634543 ...,  0.          0.          0.        ]]",[ 3827.95023479],"[[ 2.68661783  2.83725181  1.83596252 ...,  0.          0.          0.        ]]","[[ 0.11692906  0.12519423  0.02185548 ...,  0.          0.          0.        ]]","[[ 0.005   0.0025  0.4925 ...,  0.      0.      0.    ]]"
13a05Ea,[ 1090.],"[[ 0.13882974  0.13688724  0.16838216 ...,  0.          0.          0.        ]]","[[ -3.41332773e+01  -3.36895858e+01  -3.27476181e+01 ...,   0.00000000e+00
    0.00000000e+00   0.00000000e+00]
 [  3.09192069e+00   3.18315778e+00   2.21840380e+00 ...,   0.00000000e+00
    0.00000000e+00   0.00000000e+00]
 [  9.21047736e-01   1.09963968e+00   3.68466687e-02 ...,   0.00000000e+00
    0.00000000e+00   0.00000000e+00]
 ..., 
 [  1.03142195e-02   1.67014247e-01  -5.28639549e-02 ...,   0.00000000e+00
    0.00000000e+00   0.00000000e+00]
 [  5.90033742e-03  -1.86014078e-01  -2.12081702e-01 ...,   0.00000000e+00
    0.00000000e+00   0.00000000e+00]
 [ -1.15734334e-01  -1.76392952e-01  -3.33157656e-02 ...,   0.00000000e+00
    0.00000000e+00   0.00000000e+00]]","[[ 0.00021329  0.00015813  0.00017094 ...,  0.          0.          0.        ]]","[[  1.74525955e-04   9.91172893e-05   3.40448138e-04 ...,   0.00000000e+00
    0.00000000e+00   0.00000000e+00]
 [  3.69241894e-02   1.33642368e-02   4.86805203e-03 ...,   0.00000000e+00
    0.00000000e+00   0.00000000e+00]
 [  8.68112572e-04   1.24608052e-03   6.73212163e-04 ...,   0.00000000e+00
    0.00000000e+00   0.00000000e+00]
 ..., 
 [  2.49385449e-04   7.96494831e-04   6.61209107e-04 ...,   0.00000000e+00
    0.00000000e+00   0.00000000e+00]
 [  1.31539158e-03   4.33923856e-03   7.06352527e-04 ...,   0.00000000e+00
    0.00000000e+00   0.00000000e+00]
 [  2.10821299e-02   4.60628620e-02   4.35693503e-02 ...,   0.00000000e+00
    0.00000000e+00   0.00000000e+00]]","[[ 0.          0.0108943   0.00514338 ...,  0.          0.          0.        ]]","[[ 0.2417164   0.23819511  0.24918477 ...,  0.          0.          0.        ]]","[[ 0.03688258  0.05499066  0.10365848 ...,  0.          0.          0.        ]]","[[ 0.01251564  0.01001252  0.00375469 ...,  0.          0.          0.        ]]",[ 4628.42089702],"[[ 2.84848523  2.78378733  2.80685814 ...,  0.          0.          0.        ]]","[[ 0.10614301  0.08696172  0.09548275 ...,  0.          0.          0.        ]]","[[ 0.005   0.02    0.0025 ...,  0.      0.      0.    ]]"
13b01Ec,[ 1328.],"[[ 0.23827845  0.18854599  0.1907245  ...,  0.          0.          0.        ]]","[[ -3.53510959e+01  -3.53620255e+01  -3.53120344e+01 ...,   0.00000000e+00
    0.00000000e+00   0.00000000e+00]
 [  1.68082985e+00   1.91638372e+00   2.06146052e+00 ...,   0.00000000e+00
    0.00000000e+00   0.00000000e+00]
 [  5.52737124e-01   7.81294551e-01   6.56935410e-01 ...,   0.00000000e+00
    0.00000000e+00   0.00000000e+00]
 ..., 
 [  1.32204014e-02   2.32907931e-02   9.75752536e-02 ...,   0.00000000e+00
    0.00000000e+00   0.00000000e+00]
 [ -1.24234733e-01   2.20629633e-01  -5.24517667e-02 ...,   0.00000000e+00
    0.00000000e+00   0.00000000e+00]
 [ -1.17334537e-01   1.33598839e-01  -7.03461739e-03 ...,   0.00000000e+00
    0.00000000e+00   0.00000000e+00]]","[[  1.41857418e-05   4.95691262e-05   4.13829286e-05 ...,   0.00000000e+00
    0.00000000e+00   0.00000000e+00]]","[[  1.70147278e-04   3.12029397e-05   9.58947796e-05 ...,   0.00000000e+00
    0.00000000e+00   0.00000000e+00]
 [  5.08024184e-02   2.80660336e-02   9.83047338e-03 ...,   0.00000000e+00
    0.00000000e+00   0.00000000e+00]
 [  2.14661825e-03   5.07203072e-04   1.08075331e-03 ...,   0.00000000e+00
    0.00000000e+00   0.00000000e+00]
 ..., 
 [  1.69279640e-04   5.70370149e-05   5.92116944e-05 ...,   0.00000000e+00
    0.00000000e+00   0.00000000e+00]
 [  3.04569826e-03   2.71290705e-04   1.52797307e-03 ...,   0.00000000e+00
    0.00000000e+00   0.00000000e+00]
 [  5.45533493e-02   4.98864505e-02   8.30599628e-02 ...,   0.00000000e+00
    0.00000000e+00   0.00000000e+00]]","[[ 0.          0.00996612  0.00405338 ...,  0.          0.          0.        ]]","[[ 0.28987376  0.27598754  0.2745568  ...,  0.          0.          0.        ]]","[[ 0.28707545  0.09554586  0.09616245 ...,  0.          0.          0.        ]]","[[ 0.05506884  0.02377972  0.02252816 ...,  0.          0.          0.        ]]",[ 6839.4232213],"[[ 2.84891073  2.99781812  2.62652668 ...,  0.          0.          0.        ]]","[[ 0.06595568  0.08433657  0.06392189 ...,  0.          0.          0.        ]]","[[ 0.015   0.0075  0.0025 ...,  0.      0.      0.    ]]"
13b03Ed,[ 748.],"[[ 0.18754319  0.14779198  0.19521855 ...,  0.          0.          0.        ]]","[[ -3.64557141e+01  -3.58394882e+01  -2.94849717e+01 ...,   0.00000000e+00
    0.00000000e+00   0.00000000e+00]
 [  1.94298956e+00   2.15647959e+00   6.68981926e-01 ...,   0.00000000e+00
    0.00000000e+00   0.00000000e+00]
 [  4.18216810e-01   3.34298235e-01  -1.88535757e+00 ...,   0.00000000e+00
    0.00000000e+00   0.00000000e+00]
 ..., 
 [  1.20920693e-01   1.63275423e-01   3.75085966e-01 ...,   0.00000000e+00
    0.00000000e+00   0.00000000e+00]
 [  7.11588869e-02   5.79913922e-02  -4.18456523e-01 ...,   0.00000000e+00
    0.00000000e+00   0.00000000e+00]
 [ -1.80287856e-02   5.39511323e-02   1.21611931e-01 ...,   0.00000000e+00
    0.00000000e+00   0.00000000e+00]]","[[  1.77259122e-05   5.19070861e-05   2.72312071e-04 ...,   0.00000000e+00
    0.00000000e+00   0.00000000e+00]]","[[  7.39564050e-05   3.03937703e-05   3.08232419e-03 ...,   0.00000000e+00
    0.00000000e+00   0.00000000e+00]
 [  5.47173087e-02   2.43296884e-02   8.06663833e-03 ...,   0.00000000e+00
    0.00000000e+00   0.00000000e+00]
 [  4.27382142e-04   1.07009331e-04   1.13719756e-03 ...,   0.00000000e+00
    0.00000000e+00   0.00000000e+00]
 ..., 
 [  1.08053097e-04   5.58000643e-05   8.93830950e-03 ...,   0.00000000e+00
    0.00000000e+00   0.00000000e+00]
 [  3.22294033e-04   5.72381861e-04   1.35813546e-02 ...,   0.00000000e+00
    0.00000000e+00   0.00000000e+00]
 [  2.54982671e-02   7.56201211e-02   1.41475445e-02 ...,   0.00000000e+00
    0.00000000e+00   0.00000000e+00]]","[[ 0.          0.01418765  0.069968   ...,  0.          0.          0.        ]]","[[ 0.27101263  0.25078464  0.1915015  ...,  0.          0.          0.        ]]","[[ 0.10897636  0.04515144  1.2736949  ...,  0.          0.          0.        ]]","[[ 0.01501877  0.00876095  0.03379224 ...,  0.          0.          0.        ]]",[ 4209.48678582],"[[ 2.82776679  2.77987174  1.75472766 ...,  0.          0.          0.        ]]","[[ 0.09805786  0.06810085  0.03658753 ...,  0.          0.          0.        ]]","[[ 0.005   0.0025  0.19   ...,  0.      0.      0.    ]]"
13b09Ec,[ 870.],"[[ 0.1319081   0.14698232  0.21948625 ...,  0.          0.          0.        ]]","[[ -3.52519733e+01  -3.56174953e+01  -2.37894871e+01 ...,   0.00000000e+00
    0.00000000e+00   0.00000000e+00]
 [  2.35993395e+00   2.12177418e+00   2.33954174e+00 ...,   0.00000000e+00
    0.00000000e+00   0.00000000e+00]
 [  4.32314611e-01   3.22498311e-01   3.55554763e-01 ...,   0.00000000e+00
    0.00000000e+00   0.00000000e+00]
 ..., 
 [  1.91331667e-01   1.22747499e-01   2.40116190e-01 ...,   0.00000000e+00
    0.00000000e+00   0.00000000e+00]
 [  1.38976124e-01  -2.07828350e-02  -1.64484751e-01 ...,   0.00000000e+00
    0.00000000e+00   0.00000000e+00]
 [ -1.45743883e-01   1.36034512e-02  -2.60510594e-01 ...,   0.00000000e+00
    0.00000000e+00   0.00000000e+00]]","[[  7.21688576e-05   5.35959405e-05   9.78529778e-03 ...,   0.00000000e+00
    0.00000000e+00   0.00000000e+00]]","[[  7.33225341e-05   9.76632170e-05   2.12221971e-02 ...,   0.00000000e+00
    0.00000000e+00   0.00000000e+00]
 [  2.33797579e-02   6.38206981e-02   2.48267177e-02 ...,   0.00000000e+00
    0.00000000e+00   0.00000000e+00]
 [  2.68399274e-04   6.84600742e-05   1.31536542e-02 ...,   0.00000000e+00
    0.00000000e+00   0.00000000e+00]
 ..., 
 [  7.03773980e-05   8.47468531e-05   9.95066605e-03 ...,   0.00000000e+00
    0.00000000e+00   0.00000000e+00]
 [  4.85134542e-04   8.13973703e-04   2.37390183e-02 ...,   0.00000000e+00
    0.00000000e+00   0.00000000e+00]
 [  6.25015389e-02   4.54030218e-02   2.81627601e-02 ...,   0.00000000e+00
    0.00000000e+00   0.00000000e+00]]","[[ 0.          0.00388898  0.08305407 ...,  0.          0.          0.        ]]","[[ 0.23567582  0.2465979   0.235545   ...,  0.          0.          0.        ]]","[[ 0.03934348  0.05159147  0.71407794 ...,  0.          0.          0.        ]]","[[ 0.04881101  0.00876095  0.06382979 ...,  0.          0.          0.        ]]",[ 6374.22465873],"[[ 2.7553397   2.99806318  0.42419614 ...,  0.          0.          0.        ]]","[[ 0.07871581  0.08097813  0.009238   ...,  0.          0.          0.        ]]","[[ 0.005  0.005  0.1   ...,  0.     0.     0.   ]]"
13b10Ec,[ 813.],"[[ 0.17187798  0.14191977  0.13079009 ...,  0.          0.          0.        ]]","[[ -3.85504667e+01  -3.62423083e+01  -3.45108938e+01 ...,   0.00000000e+00
    0.00000000e+00   0.00000000e+00]
 [  2.03542235e+00   3.53207910e+00   3.32967865e+00 ...,   0.00000000e+00
    0.00000000e+00   0.00000000e+00]
 [  1.15147231e-01   3.65369436e-01   6.95051709e-01 ...,   0.00000000e+00
    0.00000000e+00   0.00000000e+00]
 ..., 
 [ -1.88281586e-01  -8.12166656e-02   1.57399258e-02 ...,   0.00000000e+00
    0.00000000e+00   0.00000000e+00]
 [  2.93177606e-01  -2.21006591e-02   2.09494983e-01 ...,   0.00000000e+00
    0.00000000e+00   0.00000000e+00]
 [  2.08080961e-01  -1.21777033e-01  -5.92457451e-02 ...,   0.00000000e+00
    0.00000000e+00   0.00000000e+00]]","[[  7.67731469e-06   4.96902032e-06   1.94076364e-05 ...,   0.00000000e+00
    0.00000000e+00   0.00000000e+00]]","[[  1.85606579e-05   5.59864990e-04   1.12202776e-03 ...,   0.00000000e+00
    0.00000000e+00   0.00000000e+00]
 [  2.95097997e-02   7.25828735e-02   5.05262999e-02 ...,   0.00000000e+00
    0.00000000e+00   0.00000000e+00]
 [  1.94022468e-04   1.16789331e-02   8.33657975e-03 ...,   0.00000000e+00
    0.00000000e+00   0.00000000e+00]
 ..., 
 [  9.58386389e-05   1.70570821e-03   1.35282934e-03 ...,   0.00000000e+00
    0.00000000e+00   0.00000000e+00]
 [  1.03223924e-03   1.03227901e-02   2.69857043e-02 ...,   0.00000000e+00
    0.00000000e+00   0.00000000e+00]
 [  2.96394628e-02   2.76683114e-02   2.77159829e-02 ...,   0.00000000e+00
    0.00000000e+00   0.00000000e+00]]","[[ 0.         0.0470138  0.0077329 ...,  0.         0.         0.       ]]","[[ 0.26548982  0.22706832  0.21277533 ...,  0.          0.          0.        ]]","[[ 0.05559062  0.123359    0.10811596 ...,  0.          0.          0.        ]]","[[ 0.03754693  0.06257822  0.04255319 ...,  0.          0.          0.        ]]",[ 4039.41208594],"[[ 2.85957149  2.50963669  2.23112716 ...,  0.          0.          0.        ]]","[[ 0.10219451  0.05425188  0.0343716  ...,  0.          0.          0.        ]]","[[ 0.0025  0.045   0.0375 ...,  0.      0.      0.    ]]"
14a01Ea,[ 1108.],"[[ 0.14500253  0.17002792  0.19282836 ...,  0.          0.          0.        ]]","[[ -3.82922203e+01  -3.85175380e+01  -3.82301649e+01 ...,   0.00000000e+00
    0.00000000e+00   0.00000000e+00]
 [  1.48211877e+00   1.02601353e+00   1.31756469e+00 ...,   0.00000000e+00
    0.00000000e+00   0.00000000e+00]
 [  2.23729430e-01   1.07832232e-01   2.62984534e-01 ...,   0.00000000e+00
    0.00000000e+00   0.00000000e+00]
 ..., 
 [  1.30302020e-01   4.12233650e-02  -8.59567243e-02 ...,   0.00000000e+00
    0.00000000e+00   0.00000000e+00]
 [  2.04253133e-01   9.46159235e-02   1.51626889e-01 ...,   0.00000000e+00
    0.00000000e+00   0.00000000e+00]
 [ -1.09516665e-01  -3.17105810e-02   1.36684755e-01 ...,   0.00000000e+00
    0.00000000e+00   0.00000000e+00]]","[[  1.41345407e-05   1.02657734e-05   5.82053448e-06 ...,   0.00000000e+00
    0.00000000e+00   0.00000000e+00]]","[[  1.43168261e-05   3.67918066e-05   1.39113498e-04 ...,   0.00000000e+00
    0.00000000e+00   0.00000000e+00]
 [  1.43590875e-02   1.28844878e-02   2.81237472e-02 ...,   0.00000000e+00
    0.00000000e+00   0.00000000e+00]
 [  6.89229039e-05   6.17482280e-05   1.66580756e-04 ...,   0.00000000e+00
    0.00000000e+00   0.00000000e+00]
 ..., 
 [  1.25741772e-05   1.26609552e-05   3.95700067e-05 ...,   0.00000000e+00
    0.00000000e+00   0.00000000e+00]
 [  2.26637022e-05   3.17786023e-05   1.96692636e-04 ...,   0.00000000e+00
    0.00000000e+00   0.00000000e+00]
 [  1.58486642e-01   1.59482181e-01   3.02858265e-02 ...,   0.00000000e+00
    0.00000000e+00   0.00000000e+00]]","[[ 0.          0.00107818  0.11399784 ...,  0.          0.          0.        ]]","[[ 0.24562522  0.26156094  0.26600104 ...,  0.          0.          0.        ]]","[[ 0.02918934  0.04335434  0.12064432 ...,  0.          0.          0.        ]]","[[ 0.          0.          0.01251564 ...,  0.          0.          0.        ]]",[ 4148.5005725],"[[ 3.12956514  3.1402792   2.97517398 ...,  0.          0.          0.        ]]","[[ 0.04343188  0.04374454  0.1016884  ...,  0.          0.          0.        ]]","[[ 0.      0.      0.0025 ...,  0.      0.      0.    ]]"
14a02Ea,[ 1035.],"[[ 0.18704315  0.18793349  0.1889665  ...,  0.          0.          0.        ]]","[[ -4.02111178e+01  -3.89410778e+01  -4.00137308e+01 ...,   0.00000000e+00
    0.00000000e+00   0.00000000e+00]
 [  1.56627159e+00   2.19170577e+00   1.91663920e+00 ...,   0.00000000e+00
    0.00000000e+00   0.00000000e+00]
 [  3.75929466e-01   4.17271360e-01   6.34093513e-01 ...,   0.00000000e+00
    0.00000000e+00   0.00000000e+00]
 ..., 
 [  3.30816480e-02   1.34133307e-01   1.75159992e-01 ...,   0.00000000e+00
    0.00000000e+00   0.00000000e+00]
 [  1.09992400e-01   1.61047237e-01   1.08782017e-01 ...,   0.00000000e+00
    0.00000000e+00   0.00000000e+00]
 [ -2.38505932e-02  -1.05170090e-01   1.68783393e-01 ...,   0.00000000e+00
    0.00000000e+00   0.00000000e+00]]","[[  2.42339063e-06   1.83747944e-06   2.06630740e-06 ...,   0.00000000e+00
    0.00000000e+00   0.00000000e+00]]","[[  3.42812569e-05   2.81121487e-04   6.93023136e-05 ...,   0.00000000e+00
    0.00000000e+00   0.00000000e+00]
 [  2.66482306e-01   8.57303257e-02   2.83136284e-01 ...,   0.00000000e+00
    0.00000000e+00   0.00000000e+00]
 [  1.94638540e-04   1.28656606e-03   1.74737238e-04 ...,   0.00000000e+00
    0.00000000e+00   0.00000000e+00]
 ..., 
 [  3.96513803e-05   2.93536335e-04   1.90207960e-04 ...,   0.00000000e+00
    0.00000000e+00   0.00000000e+00]
 [  2.98186836e-04   2.58018875e-03   8.83240073e-04 ...,   0.00000000e+00
    0.00000000e+00   0.00000000e+00]
 [  8.16418215e-03   8.42764991e-03   4.14580357e-03 ...,   0.00000000e+00
    0.00000000e+00   0.00000000e+00]]","[[ 0.          0.02032185  0.01690449 ...,  0.          0.          0.        ]]","[[ 0.27399401  0.27049573  0.27856168 ...,  0.          0.          0.        ]]","[[ 0.07746068  0.13246591  0.08950733 ...,  0.          0.          0.        ]]","[[ 0.02753442  0.03379224  0.02252816 ...,  0.          0.          0.        ]]",[ 3124.91279878],"[[ 2.86325825  2.75286369  2.79082972 ...,  0.          0.          0.        ]]","[[ 0.08813331  0.10193286  0.08945555 ...,  0.          0.          0.        ]]","[[ 0.005   0.01    0.0075 ...,  0.      0.      0.    ]]"
14a04Ed,[ 1212.],"[[ 0.17968498  0.18702298  0.255879   ...,  0.          0.          0.        ]]","[[ -4.06537341e+01  -3.94378110e+01  -4.01313417e+01 ...,   0.00000000e+00
    0.00000000e+00   0.00000000e+00]
 [  1.64814091e+00   2.14697513e+00   9.93228112e-01 ...,   0.00000000e+00
    0.00000000e+00   0.00000000e+00]
 [  6.63027016e-01   3.17397810e-01   8.63070150e-01 ...,   0.00000000e+00
    0.00000000e+00   0.00000000e+00]
 ..., 
 [  1.04941576e-01   2.97075778e-01   4.74774964e-01 ...,   0.00000000e+00
    0.00000000e+00   0.00000000e+00]
 [  3.25845326e-02   1.61424845e-01  -7.03684275e-02 ...,   0.00000000e+00
    0.00000000e+00   0.00000000e+00]
 [  1.23036185e-01   5.73838638e-02  -1.78974576e-01 ...,   0.00000000e+00
    0.00000000e+00   0.00000000e+00]]","[[  1.07520141e-06   1.07584437e-06   8.68958622e-07 ...,   0.00000000e+00
    0.00000000e+00   0.00000000e+00]]","[[  4.36046150e-05   1.93905094e-04   1.32507724e-04 ...,   0.00000000e+00
    0.00000000e+00   0.00000000e+00]
 [  2.09821618e-01   1.07234914e-01   6.85836797e-02 ...,   0.00000000e+00
    0.00000000e+00   0.00000000e+00]
 [  2.76714693e-04   2.35056953e-04   3.84525812e-04 ...,   0.00000000e+00
    0.00000000e+00   0.00000000e+00]
 ..., 
 [  4.36837324e-05   5.56535935e-04   1.77054278e-04 ...,   0.00000000e+00
    0.00000000e+00   0.00000000e+00]
 [  2.99015398e-04   1.53324318e-03   8.68924579e-04 ...,   0.00000000e+00
    0.00000000e+00   0.00000000e+00]
 [  8.40721388e-02   5.49215686e-03   1.08913833e-01 ...,   0.00000000e+00
    0.00000000e+00   0.00000000e+00]]","[[ 0.          0.0481115   0.03090838 ...,  0.          0.          0.        ]]","[[ 0.26597272  0.2663006   0.27802357 ...,  0.          0.          0.        ]]","[[ 0.09243626  0.14571237  0.31448111 ...,  0.          0.          0.        ]]","[[ 0.06007509  0.08886108  0.0951189  ...,  0.          0.          0.        ]]",[ 2595.02928693],"[[ 2.58105237  2.42343119  2.41398759 ...,  0.          0.          0.        ]]","[[ 0.05991434  0.09775467  0.03853503 ...,  0.          0.          0.        ]]","[[ 0.005  0.01   0.005 ...,  0.     0.     0.   ]]"
14a07Eb,[ 1070.],"[[ 0.11982013  0.12977043  0.16246943 ...,  0.          0.          0.        ]]","[[ -3.67502889e+01  -3.64581837e+01  -3.53118237e+01 ...,   0.00000000e+00
    0.00000000e+00   0.00000000e+00]
 [  2.12403197e+00   2.20022201e+00   2.23586395e+00 ...,   0.00000000e+00
    0.00000000e+00   0.00000000e+00]
 [  5.26025929e-01   3.42816700e-01   1.56140969e-01 ...,   0.00000000e+00
    0.00000000e+00   0.00000000e+00]
 ..., 
 [  1.04957077e-01   2.88158522e-03   7.13239465e-02 ...,   0.00000000e+00
    0.00000000e+00   0.00000000e+00]
 [  1.27444943e-01   1.93011660e-02   6.67527702e-02 ...,   0.00000000e+00
    0.00000000e+00   0.00000000e+00]
 [  7.84523521e-02  -2.85669326e-02   1.58488727e-01 ...,   0.00000000e+00
    0.00000000e+00   0.00000000e+00]]","[[  6.35861425e-05   5.18834488e-05   2.39004076e-05 ...,   0.00000000e+00
    0.00000000e+00   0.00000000e+00]]","[[  1.64972148e-05   1.15254310e-05   7.84452343e-05 ...,   0.00000000e+00
    0.00000000e+00   0.00000000e+00]
 [  1.67307130e-03   2.71950291e-03   6.02324821e-02 ...,   0.00000000e+00
    0.00000000e+00   0.00000000e+00]
 [  6.63751449e-05   1.08302056e-04   3.87945072e-04 ...,   0.00000000e+00
    0.00000000e+00   0.00000000e+00]
 ..., 
 [  3.19791650e-05   1.39675250e-05   3.68872365e-04 ...,   0.00000000e+00
    0.00000000e+00   0.00000000e+00]
 [  1.13847494e-04   2.04988569e-04   1.33472189e-03 ...,   0.00000000e+00
    0.00000000e+00   0.00000000e+00]
 [  1.61053162e-01   1.61049467e-01   3.52584858e-02 ...,   0.00000000e+00
    0.00000000e+00   0.00000000e+00]]","[[ 0.          0.00206386  0.13546215 ...,  0.          0.          0.        ]]","[[ 0.23114079  0.23911171  0.24743927 ...,  0.          0.          0.        ]]","[[ 0.01364272  0.01919736  0.10653086 ...,  0.          0.          0.        ]]","[[ 0.          0.          0.00625782 ...,  0.          0.          0.        ]]",[ 4977.92054979],"[[ 3.16209967  3.14732334  3.07670542 ...,  0.          0.          0.        ]]","[[ 0.04426478  0.04424534  0.08873338 ...,  0.          0.          0.        ]]","[[ 0.     0.     0.005 ...,  0.     0.     0.   ]]"
14b01Eb,[ 1112.],"[[ 0.17855082  0.13316592  0.16139003 ...,  0.          0.          0.        ]]","[[ -3.57708556e+01  -3.84822853e+01  -3.54328090e+01 ...,   0.00000000e+00
    0.00000000e+00   0.00000000e+00]
 [  2.31398359e+00   1.78386879e+00   2.44133627e+00 ...,   0.00000000e+00
    0.00000000e+00   0.00000000e+00]
 [  3.40962446e-01   3.94480195e-01   3.22756957e-01 ...,   0.00000000e+00
    0.00000000e+00   0.00000000e+00]
 ..., 
 [  3.39762013e-03   1.33779742e-01   9.80429942e-02 ...,   0.00000000e+00
    0.00000000e+00   0.00000000e+00]
 [  5.50859992e-02  -8.77139379e-02   9.28701556e-02 ...,   0.00000000e+00
    0.00000000e+00   0.00000000e+00]
 [  3.72456891e-02  -3.81525634e-02   8.17628131e-02 ...,   0.00000000e+00
    0.00000000e+00   0.00000000e+00]]","[[  9.18173016e-06   1.91179339e-05   1.41016330e-05 ...,   0.00000000e+00
    0.00000000e+00   0.00000000e+00]]","[[  3.72365710e-04   4.05902391e-06   2.26458047e-04 ...,   0.00000000e+00
    0.00000000e+00   0.00000000e+00]
 [  2.74173235e-03   6.94921406e-04   2.66220340e-02 ...,   0.00000000e+00
    0.00000000e+00   0.00000000e+00]
 [  1.11706697e-03   8.52791873e-05   1.17897053e-03 ...,   0.00000000e+00
    0.00000000e+00   0.00000000e+00]
 ..., 
 [  4.39272062e-04   3.37481041e-05   7.70445382e-04 ...,   0.00000000e+00
    0.00000000e+00   0.00000000e+00]
 [  3.25801733e-03   1.93517191e-04   3.04791653e-03 ...,   0.00000000e+00
    0.00000000e+00   0.00000000e+00]
 [  1.35078968e-01   1.55956351e-01   5.78203876e-02 ...,   0.00000000e+00
    0.00000000e+00   0.00000000e+00]]","[[ 0.          0.07183943  0.11846517 ...,  0.          0.          0.        ]]","[[ 0.25697575  0.24280049  0.24808908 ...,  0.          0.          0.        ]]","[[ 0.13345705  0.01966373  0.13038313 ...,  0.          0.          0.        ]]","[[ 0.00625782  0.00375469  0.02878598 ...,  0.          0.          0.        ]]",[ 3956.4147912],"[[ 2.83860786  3.05447595  2.65104275 ...,  0.          0.          0.        ]]","[[ 0.04183216  0.04309291  0.07647285 ...,  0.          0.          0.        ]]","[[ 0.01   0.     0.015 ...,  0.     0.     0.   ]]"
14b03Ed,[ 1135.],"[[ 0.15106901  0.12449969  0.15152512 ...,  0.          0.          0.        ]]","[[ -3.78489188e+01  -3.92536133e+01  -3.61744791e+01 ...,   0.00000000e+00
    0.00000000e+00   0.00000000e+00]
 [  2.09152956e+00   1.59151551e+00   2.30892668e+00 ...,   0.00000000e+00
    0.00000000e+00   0.00000000e+00]
 [  3.75518855e-01   4.73516761e-01   2.23610958e-01 ...,   0.00000000e+00
    0.00000000e+00   0.00000000e+00]
 ..., 
 [  1.73678967e-01   1.27089925e-01   1.54617568e-02 ...,   0.00000000e+00
    0.00000000e+00   0.00000000e+00]
 [  1.67911721e-01  -6.79604827e-02  -2.31676035e-02 ...,   0.00000000e+00
    0.00000000e+00   0.00000000e+00]
 [  9.87263611e-02   4.19800573e-02   1.45005854e-01 ...,   0.00000000e+00
    0.00000000e+00   0.00000000e+00]]","[[  8.52805219e-06   1.62889241e-05   1.34532360e-05 ...,   0.00000000e+00
    0.00000000e+00   0.00000000e+00]]","[[  9.14645382e-05   5.55813508e-06   1.31290264e-04 ...,   0.00000000e+00
    0.00000000e+00   0.00000000e+00]
 [  4.81612359e-02   5.59246479e-04   5.55676146e-02 ...,   0.00000000e+00
    0.00000000e+00   0.00000000e+00]
 [  3.94734257e-04   4.10563864e-05   7.90234130e-04 ...,   0.00000000e+00
    0.00000000e+00   0.00000000e+00]
 ..., 
 [  1.36308846e-04   1.20223624e-05   3.00914529e-04 ...,   0.00000000e+00
    0.00000000e+00   0.00000000e+00]
 [  3.19357959e-04   5.66958339e-05   1.34659185e-03 ...,   0.00000000e+00
    0.00000000e+00   0.00000000e+00]
 [  1.44593701e-01   1.57093415e-01   5.35798830e-02 ...,   0.00000000e+00
    0.00000000e+00   0.00000000e+00]]","[[ 0.          0.04236542  0.13330022 ...,  0.          0.          0.        ]]","[[ 0.24953054  0.23617865  0.24242037 ...,  0.          0.          0.        ]]","[[ 0.04469084  0.01448652  0.08743589 ...,  0.          0.          0.        ]]","[[ 0.         0.         0.0212766 ...,  0.         0.         0.       ]]",[ 3950.05303762],"[[ 2.76102395  3.0651103   2.86791363 ...,  0.          0.          0.        ]]","[[ 0.04062712  0.04334283  0.07279511 ...,  0.          0.          0.        ]]","[[ 0.005  0.     0.005 ...,  0.     0.     0.   ]]"
14b09Ea,[ 979.],"[[ 0.12103726  0.15696961  0.18449612 ...,  0.          0.          0.        ]]","[[ -3.93928720e+01  -3.75052335e+01  -3.82010441e+01 ...,   0.00000000e+00
    0.00000000e+00   0.00000000e+00]
 [  1.47533351e+00   2.27949899e+00   1.88200287e+00 ...,   0.00000000e+00
    0.00000000e+00   0.00000000e+00]
 [  2.43274932e-01   5.99716972e-01   5.59084447e-01 ...,   0.00000000e+00
    0.00000000e+00   0.00000000e+00]
 ..., 
 [ -2.07661108e-01   1.35906545e-01   1.42883766e-01 ...,   0.00000000e+00
    0.00000000e+00   0.00000000e+00]
 [  1.52636610e-02   8.50374261e-02   1.25817542e-01 ...,   0.00000000e+00
    0.00000000e+00   0.00000000e+00]
 [ -1.10453168e-01   3.50594537e-02  -7.14979614e-02 ...,   0.00000000e+00
    0.00000000e+00   0.00000000e+00]]","[[  1.52328104e-05   6.24532055e-06   5.01220834e-06 ...,   0.00000000e+00
    0.00000000e+00   0.00000000e+00]]","[[  6.14518138e-06   7.80200348e-05   3.55103329e-05 ...,   0.00000000e+00
    0.00000000e+00   0.00000000e+00]
 [  1.42938221e-02   4.52767225e-02   3.27605431e-02 ...,   0.00000000e+00
    0.00000000e+00   0.00000000e+00]
 [  1.30156942e-04   4.64055203e-04   5.82140195e-04 ...,   0.00000000e+00
    0.00000000e+00   0.00000000e+00]
 ..., 
 [  2.23061875e-05   2.35053974e-04   1.79095739e-04 ...,   0.00000000e+00
    0.00000000e+00   0.00000000e+00]
 [  1.33556518e-05   8.24888905e-04   4.82271906e-04 ...,   0.00000000e+00
    0.00000000e+00   0.00000000e+00]
 [  1.37762270e-01   1.36728200e-01   2.89092053e-02 ...,   0.00000000e+00
    0.00000000e+00   0.00000000e+00]]","[[ 0.          0.03901449  0.05442236 ...,  0.          0.          0.        ]]","[[ 0.2369712   0.25121272  0.26514558 ...,  0.          0.          0.        ]]","[[ 0.0164186   0.06940037  0.10401555 ...,  0.          0.          0.        ]]","[[ 0.02377972  0.03003755  0.0212766  ...,  0.          0.          0.        ]]",[ 3254.84838357],"[[ 2.73774378  2.43757365  2.86677041 ...,  0.          0.          0.        ]]","[[ 0.04091845  0.03870944  0.10877948 ...,  0.          0.          0.        ]]","[[ 0.0025  0.005   0.01   ...,  0.      0.      0.    ]]"
14b10Eb,[ 785.],"[[ 0.08640986  0.12615685  0.12661316 ...,  0.          0.          0.        ]]","[[ -3.65415291e+01  -3.41458247e+01  -3.57064883e+01 ...,   0.00000000e+00
    0.00000000e+00   0.00000000e+00]
 [  2.18305544e+00   2.62230354e+00   2.16360216e+00 ...,   0.00000000e+00
    0.00000000e+00   0.00000000e+00]
 [  7.48922924e-01   5.44495128e-01   3.93132730e-01 ...,   0.00000000e+00
    0.00000000e+00   0.00000000e+00]
 ..., 
 [  4.02150326e-01   2.87029306e-01   1.79210759e-03 ...,   0.00000000e+00
    0.00000000e+00   0.00000000e+00]
 [  2.38476754e-01   3.40426805e-02   1.68493803e-01 ...,   0.00000000e+00
    0.00000000e+00   0.00000000e+00]
 [  3.76798513e-01   1.42789211e-01   3.60972185e-01 ...,   0.00000000e+00
    0.00000000e+00   0.00000000e+00]]","[[  9.48463116e-05   7.67011171e-05   4.10085105e-05 ...,   0.00000000e+00
    0.00000000e+00   0.00000000e+00]]","[[  1.19382498e-05   1.02420831e-04   4.51571107e-05 ...,   0.00000000e+00
    0.00000000e+00   0.00000000e+00]
 [  3.68826243e-02   3.10132061e-02   8.57475609e-02 ...,   0.00000000e+00
    0.00000000e+00   0.00000000e+00]
 [  1.41832519e-04   4.36029036e-04   3.87772339e-04 ...,   0.00000000e+00
    0.00000000e+00   0.00000000e+00]
 ..., 
 [  4.14077760e-05   2.70662508e-04   1.78048011e-04 ...,   0.00000000e+00
    0.00000000e+00   0.00000000e+00]
 [  1.86148122e-05   1.72802716e-03   3.48708493e-04 ...,   0.00000000e+00
    0.00000000e+00   0.00000000e+00]
 [  1.60145102e-01   1.17664941e-01   7.07796361e-02 ...,   0.00000000e+00
    0.00000000e+00   0.00000000e+00]]","[[ 0.          0.04372141  0.01714105 ...,  0.          0.          0.        ]]","[[ 0.19392878  0.22437399  0.22598096 ...,  0.          0.          0.        ]]","[[ 0.01314763  0.05929721  0.05604817 ...,  0.          0.          0.        ]]","[[ 0.01376721  0.03128911  0.02878598 ...,  0.          0.          0.        ]]",[ 4469.12799101],"[[ 2.54600564  2.27909674  2.88885347 ...,  0.          0.          0.        ]]","[[ 0.04419176  0.05196633  0.05428406 ...,  0.          0.          0.        ]]","[[ 0.01    0.0125  0.0075 ...,  0.      0.      0.    ]]"
15a01Ea,[ 1328.],"[[ 0.17163616  0.18189543  0.20787149 ...,  0.          0.          0.        ]]","[[ -3.58663304e+01  -3.54110631e+01  -3.67985354e+01 ...,   0.00000000e+00
    0.00000000e+00   0.00000000e+00]
 [  2.53497046e+00   2.30552591e+00   2.22818563e+00 ...,   0.00000000e+00
    0.00000000e+00   0.00000000e+00]
 [  1.05062930e+00   6.44582808e-01   8.38048569e-01 ...,   0.00000000e+00
    0.00000000e+00   0.00000000e+00]
 ..., 
 [ -3.50881773e-02   2.61503831e-01   7.75841739e-02 ...,   0.00000000e+00
    0.00000000e+00   0.00000000e+00]
 [  4.12017037e-02   9.57349091e-02   1.68944278e-02 ...,   0.00000000e+00
    0.00000000e+00   0.00000000e+00]
 [ -1.72184660e-01   8.38474771e-02   8.93929960e-02 ...,   0.00000000e+00
    0.00000000e+00   0.00000000e+00]]","[[  2.86883967e-05   3.40291389e-05   2.80938045e-05 ...,   0.00000000e+00
    0.00000000e+00   0.00000000e+00]]","[[  1.99094402e-04   1.45177862e-04   2.61147572e-05 ...,   0.00000000e+00
    0.00000000e+00   0.00000000e+00]
 [  3.02264186e-02   6.34394118e-03   1.65764306e-02 ...,   0.00000000e+00
    0.00000000e+00   0.00000000e+00]
 [  1.60649712e-03   3.05332486e-04   2.38129546e-04 ...,   0.00000000e+00
    0.00000000e+00   0.00000000e+00]
 ..., 
 [  3.39291792e-04   2.91451906e-04   5.63293638e-05 ...,   0.00000000e+00
    0.00000000e+00   0.00000000e+00]
 [  4.64891972e-04   1.64905503e-03   5.07032769e-04 ...,   0.00000000e+00
    0.00000000e+00   0.00000000e+00]
 [  1.22536480e-01   1.82770653e-01   1.62647115e-01 ...,   0.00000000e+00
    0.00000000e+00   0.00000000e+00]]","[[ 0.          0.0052034   0.00833244 ...,  0.          0.          0.        ]]","[[ 0.25651644  0.26415901  0.30031925 ...,  0.          0.          0.        ]]","[[ 0.10421325  0.10556201  0.09146635 ...,  0.          0.          0.        ]]","[[ 0.03254068  0.04005006  0.04380476 ...,  0.          0.          0.        ]]",[ 3567.41446989],"[[ 2.87475723  2.80450822  2.69590127 ...,  0.          0.          0.        ]]","[[ 0.06884515  0.06646628  0.05700521 ...,  0.          0.          0.        ]]","[[ 0.015  0.01   0.01  ...,  0.     0.     0.   ]]"
15a02Ea,[ 1138.],"[[ 0.11400145  0.54080849  0.36807414 ...,  0.          0.          0.        ]]","[[ -3.46415882e+01  -2.71232397e+01  -2.32382266e+01 ...,   0.00000000e+00
    0.00000000e+00   0.00000000e+00]
 [  3.27549519e+00   4.35737326e-01   1.66392811e+00 ...,   0.00000000e+00
    0.00000000e+00   0.00000000e+00]
 [  1.06437158e+00   7.82445737e-01  -1.67631332e-01 ...,   0.00000000e+00
    0.00000000e+00   0.00000000e+00]
 ..., 
 [  1.01793102e-01  -7.09180010e-01  -1.55648220e-02 ...,   0.00000000e+00
    0.00000000e+00   0.00000000e+00]
 [  6.57435877e-02  -1.07228085e-01  -6.08539719e-01 ...,   0.00000000e+00
    0.00000000e+00   0.00000000e+00]
 [  5.40988510e-02   3.36761205e-01   2.44742300e-01 ...,   0.00000000e+00
    0.00000000e+00   0.00000000e+00]]","[[  6.48184137e-05   2.33638592e-03   1.68713223e-02 ...,   0.00000000e+00
    0.00000000e+00   0.00000000e+00]]","[[  8.50529676e-05   1.40413893e-03   1.75501377e-02 ...,   0.00000000e+00
    0.00000000e+00   0.00000000e+00]
 [  2.76677416e-02   9.06377365e-03   3.52155258e-02 ...,   0.00000000e+00
    0.00000000e+00   0.00000000e+00]
 [  1.29434934e-03   3.54589447e-03   2.02070084e-02 ...,   0.00000000e+00
    0.00000000e+00   0.00000000e+00]
 ..., 
 [  4.21590875e-04   2.48109627e-03   7.23586393e-03 ...,   0.00000000e+00
    0.00000000e+00   0.00000000e+00]
 [  1.94854239e-02   2.22156707e-03   1.02769702e-02 ...,   0.00000000e+00
    0.00000000e+00   0.00000000e+00]
 [  1.80019980e-02   9.57484402e-03   2.95032254e-03 ...,   0.00000000e+00
    0.00000000e+00   0.00000000e+00]]","[[ 0.          0.04916727  0.00455572 ...,  0.          0.          0.        ]]","[[ 0.21191191  0.28673279  0.3076651  ...,  0.          0.          0.        ]]","[[ 0.04484783  2.87296415  1.79689476 ...,  0.          0.          0.        ]]","[[ 0.0212766   0.09887359  0.23529412 ...,  0.          0.          0.        ]]",[ 4184.60081728],"[[ 2.77894427  0.23317059  2.06964958 ...,  0.          0.          0.        ]]","[[ 0.0491457   0.00336643  0.00911461 ...,  0.          0.          0.        ]]","[[ 0.02    0.8525  0.655  ...,  0.      0.      0.    ]]"
15a05Eb,[ 1271.],"[[ 0.16584115  0.16871685  0.26390114 ...,  0.          0.          0.        ]]","[[ -3.89619139e+01  -3.95160853e+01  -3.95107398e+01 ...,   0.00000000e+00
    0.00000000e+00   0.00000000e+00]
 [  2.02882494e+00   1.76125389e+00   1.63393275e+00 ...,   0.00000000e+00
    0.00000000e+00   0.00000000e+00]
 [  5.11795875e-01   4.88980927e-01   8.50251941e-01 ...,   0.00000000e+00
    0.00000000e+00   0.00000000e+00]
 ..., 
 [  1.37485181e-01   2.31664752e-01   3.07021983e-03 ...,   0.00000000e+00
    0.00000000e+00   0.00000000e+00]
 [ -9.18664164e-02   1.04791754e-01   1.28394977e-01 ...,   0.00000000e+00
    0.00000000e+00   0.00000000e+00]
 [ -1.78340617e-01  -7.86443180e-02  -1.48085738e-01 ...,   0.00000000e+00
    0.00000000e+00   0.00000000e+00]]","[[  6.25668653e-06   9.35181974e-06   8.07104077e-06 ...,   0.00000000e+00
    0.00000000e+00   0.00000000e+00]]","[[  3.07460487e-05   1.46939177e-05   3.10897613e-05 ...,   0.00000000e+00
    0.00000000e+00   0.00000000e+00]
 [  3.41575374e-03   2.38431035e-02   4.23492382e-03 ...,   0.00000000e+00
    0.00000000e+00   0.00000000e+00]
 [  1.15376259e-04   1.44570674e-04   2.91975129e-04 ...,   0.00000000e+00
    0.00000000e+00   0.00000000e+00]
 ..., 
 [  5.37892481e-05   6.87444393e-05   1.37544496e-05 ...,   0.00000000e+00
    0.00000000e+00   0.00000000e+00]
 [  2.41905535e-04   1.38836058e-04   9.95138828e-05 ...,   0.00000000e+00
    0.00000000e+00   0.00000000e+00]
 [  6.02727313e-02   1.35041158e-02   7.71507634e-04 ...,   0.00000000e+00
    0.00000000e+00   0.00000000e+00]]","[[ 0.          0.02537995  0.01481334 ...,  0.          0.          0.        ]]","[[ 0.26442213  0.26826634  0.3208344  ...,  0.          0.          0.        ]]","[[ 0.05360747  0.03900675  0.08267912 ...,  0.          0.          0.        ]]","[[ 0.02753442  0.00375469  0.01001252 ...,  0.          0.          0.        ]]",[ 4096.85769829],"[[ 2.72177633  3.10815984  2.9347939  ...,  0.          0.          0.        ]]","[[ 0.08676632  0.11872944  0.13447792 ...,  0.          0.          0.        ]]","[[ 0.0075  0.0025  0.0025 ...,  0.      0.      0.    ]]"
15a07Eb,[ 1350.],"[[ 0.17280455  0.14902516  0.13043684 ...,  0.          0.          0.        ]]","[[-38.28167178 -34.28902734 -34.08094108 ...,   0.           0.           0.        ]
 [  1.56115867   2.71785251   2.91376849 ...,   0.           0.           0.        ]
 [  0.80479173   0.49208722   0.65686493 ...,   0.           0.           0.        ]
 ..., 
 [  0.0553673    0.23206877   0.33092271 ...,   0.           0.           0.        ]
 [  0.07358705   0.39815962   0.49835733 ...,   0.           0.           0.        ]
 [ -0.10567937  -0.11570833   0.37798001 ...,   0.           0.           0.        ]]","[[  2.12511165e-05   4.21171310e-05   6.29555750e-05 ...,   0.00000000e+00
    0.00000000e+00   0.00000000e+00]]","[[  2.73417258e-05   1.02414848e-03   1.79005995e-03 ...,   0.00000000e+00
    0.00000000e+00   0.00000000e+00]
 [  3.27722892e-02   6.11000716e-02   3.97102416e-02 ...,   0.00000000e+00
    0.00000000e+00   0.00000000e+00]
 [  3.51326555e-05   1.10173180e-03   7.18058176e-04 ...,   0.00000000e+00
    0.00000000e+00   0.00000000e+00]
 ..., 
 [  2.54988195e-05   1.24890114e-03   1.33314899e-02 ...,   0.00000000e+00
    0.00000000e+00   0.00000000e+00]
 [  1.27467669e-04   2.51467866e-03   2.35446255e-02 ...,   0.00000000e+00
    0.00000000e+00   0.00000000e+00]
 [  1.27686658e-01   4.10183670e-02   2.85038134e-02 ...,   0.00000000e+00
    0.00000000e+00   0.00000000e+00]]","[[ 0.          0.04568178  0.0133474  ...,  0.          0.          0.        ]]","[[ 0.27054726  0.23582782  0.20680229 ...,  0.          0.          0.        ]]","[[ 0.04391705  0.09146806  0.08075022 ...,  0.          0.          0.        ]]","[[ 0.0175219   0.01376721  0.0350438  ...,  0.          0.          0.        ]]",[ 4350.4657222],"[[ 2.33288968  2.68267919  2.39835191 ...,  0.          0.          0.        ]]","[[ 0.039954    0.07842337  0.06142418 ...,  0.          0.          0.        ]]","[[ 0.0025  0.0125  0.0475 ...,  0.      0.      0.    ]]"
15b01Ec,[ 1677.],"[[ 0.27827285  0.20673899  0.22148194 ...,  0.          0.          0.        ]]","[[-32.93736893 -32.74830106 -29.08428155 ...,   0.           0.           0.        ]
 [  0.88747972   1.89076372   2.42298435 ...,   0.           0.           0.        ]
 [  0.37617234   0.24683985   1.41999279 ...,   0.           0.           0.        ]
 ..., 
 [ -0.11724461  -0.28395263  -0.09095283 ...,   0.           0.           0.        ]
 [  0.08220291   0.37393787   0.16036757 ...,   0.           0.           0.        ]
 [ -0.14001716  -0.20530649   0.09287091 ...,   0.           0.           0.        ]]","[[  2.42072045e-05   2.49908295e-05   5.29252831e-04 ...,   0.00000000e+00
    0.00000000e+00   0.00000000e+00]]","[[ 0.00175452  0.00100216  0.00152906 ...,  0.          0.          0.        ]
 [ 0.06688407  0.04293907  0.03254328 ...,  0.          0.          0.        ]
 [ 0.00206602  0.01186832  0.01912387 ...,  0.          0.          0.        ]
 ..., 
 [ 0.00111103  0.00074657  0.00638446 ...,  0.          0.          0.        ]
 [ 0.00183256  0.00375707  0.03422653 ...,  0.          0.          0.        ]
 [ 0.07518815  0.04377851  0.0211147  ...,  0.          0.          0.        ]]","[[ 0.          0.00356254  0.01207802 ...,  0.          0.          0.        ]]","[[ 0.26261229  0.23647276  0.25721255 ...,  0.          0.          0.        ]]","[[ 0.90042824  0.78143402  0.43843647 ...,  0.          0.          0.        ]]","[[ 0.04881101  0.05506884  0.10262829 ...,  0.          0.          0.        ]]",[ 5268.07469575],"[[ 2.64369009  2.91558928  1.30630814 ...,  0.          0.          0.        ]]","[[ 0.03964025  0.04888634  0.02141685 ...,  0.          0.          0.        ]]","[[ 0.2    0.135  0.04  ...,  0.     0.     0.   ]]"
16a01Ec,[ 1354.],"[[ 0.22020843  0.25691407  0.27059329 ...,  0.          0.          0.        ]]","[[-37.51796662 -38.79027814 -38.04336043 ...,   0.           0.           0.        ]
 [  1.57096572   1.33864061   1.82842582 ...,   0.           0.           0.        ]
 [  0.74554268   0.7960478    0.65801511 ...,   0.           0.           0.        ]
 ..., 
 [ -0.05002813   0.27256273   0.25033926 ...,   0.           0.           0.        ]
 [  0.10675562   0.16964042  -0.16775179 ...,   0.           0.           0.        ]
 [  0.20992384   0.09568277  -0.04328165 ...,   0.           0.           0.        ]]","[[  3.56707750e-06   2.76220163e-06   1.04953607e-06 ...,   0.00000000e+00
    0.00000000e+00   0.00000000e+00]]","[[  1.15493070e-04   5.81377352e-05   1.96585588e-04 ...,   0.00000000e+00
    0.00000000e+00   0.00000000e+00]
 [  1.07906746e-01   1.56196572e-01   4.30341502e-02 ...,   0.00000000e+00
    0.00000000e+00   0.00000000e+00]
 [  6.02811825e-04   5.16933832e-04   1.64087183e-03 ...,   0.00000000e+00
    0.00000000e+00   0.00000000e+00]
 ..., 
 [  3.56806565e-04   1.79835342e-04   3.75522388e-04 ...,   0.00000000e+00
    0.00000000e+00   0.00000000e+00]
 [  1.19838380e-03   6.63210657e-04   4.31807414e-03 ...,   0.00000000e+00
    0.00000000e+00   0.00000000e+00]
 [  9.65439475e-02   8.74826721e-02   8.83826772e-02 ...,   0.00000000e+00
    0.00000000e+00   0.00000000e+00]]","[[ 0.          0.00215104  0.01491897 ...,  0.          0.          0.        ]]","[[ 0.27665089  0.29125202  0.29418355 ...,  0.          0.          0.        ]]","[[ 0.22227912  0.23010291  0.49750272 ...,  0.          0.          0.        ]]","[[ 0.04130163  0.09386733  0.10137672 ...,  0.          0.          0.        ]]",[ 4875.36388386],"[[ 2.42745824  2.42251595  2.68191949 ...,  0.          0.          0.        ]]","[[ 0.04146738  0.04835373  0.04089346 ...,  0.          0.          0.        ]]","[[ 0.0075  0.005   0.0275 ...,  0.      0.      0.    ]]"
16a02Ea,[ 1376.],"[[ 0.23102869  0.33205799  0.29621723 ...,  0.          0.          0.        ]]","[[ -3.99345045e+01  -4.01950406e+01  -3.99752218e+01 ...,   0.00000000e+00
    0.00000000e+00   0.00000000e+00]
 [  1.73932846e+00   1.63931358e+00   1.73126437e+00 ...,   0.00000000e+00
    0.00000000e+00   0.00000000e+00]
 [  7.25200447e-01   7.86590252e-01   9.40757096e-01 ...,   0.00000000e+00
    0.00000000e+00   0.00000000e+00]
 ..., 
 [ -6.17679145e-02   7.46527081e-03  -2.04942218e-02 ...,   0.00000000e+00
    0.00000000e+00   0.00000000e+00]
 [ -1.79200394e-02   2.45770968e-01   2.20835056e-01 ...,   0.00000000e+00
    0.00000000e+00   0.00000000e+00]
 [ -2.00930313e-01  -2.30927519e-02   1.54392549e-01 ...,   0.00000000e+00
    0.00000000e+00   0.00000000e+00]]","[[  1.12239069e-06   1.88226341e-07   2.75612935e-07 ...,   0.00000000e+00
    0.00000000e+00   0.00000000e+00]]","[[  1.47426068e-04   1.12602982e-03   4.01695018e-04 ...,   0.00000000e+00
    0.00000000e+00   0.00000000e+00]
 [  3.08476586e-02   2.34607932e-01   4.77022448e-02 ...,   0.00000000e+00
    0.00000000e+00   0.00000000e+00]
 [  8.98086237e-04   3.81957028e-03   1.26790329e-03 ...,   0.00000000e+00
    0.00000000e+00   0.00000000e+00]
 ..., 
 [  1.08107567e-04   8.70429175e-04   9.59607076e-04 ...,   0.00000000e+00
    0.00000000e+00   0.00000000e+00]
 [  1.01284305e-03   2.51528172e-03   4.07674645e-03 ...,   0.00000000e+00
    0.00000000e+00   0.00000000e+00]
 [  1.04312609e-01   3.30602018e-02   8.81512043e-02 ...,   0.00000000e+00
    0.00000000e+00   0.00000000e+00]]","[[ 0.          0.04148295  0.00908041 ...,  0.          0.          0.        ]]","[[ 0.29471508  0.30450136  0.305929   ...,  0.          0.          0.        ]]","[[ 0.16218349  0.87589819  0.57892036 ...,  0.          0.          0.        ]]","[[ 0.07133917  0.16520651  0.13767209 ...,  0.          0.          0.        ]]",[ 3608.18209075],"[[ 2.65305164  2.78844587  2.6704614  ...,  0.          0.          0.        ]]","[[ 0.04480328  0.06431078  0.04166809 ...,  0.          0.          0.        ]]","[[ 0.005   0.0675  0.0325 ...,  0.      0.      0.    ]]"
16a02Ec,[ 1233.],"[[ 0.29967339  0.2833694   0.28281742 ...,  0.          0.          0.        ]]","[[ -3.76160651e+01  -3.78689888e+01  -3.82134991e+01 ...,   0.00000000e+00
    0.00000000e+00   0.00000000e+00]
 [  1.46200395e+00   1.57748626e+00   1.23755260e+00 ...,   0.00000000e+00
    0.00000000e+00   0.00000000e+00]
 [  5.21825106e-01   6.69184869e-01   7.51336398e-01 ...,   0.00000000e+00
    0.00000000e+00   0.00000000e+00]
 ..., 
 [  2.39465923e-01   2.25494352e-01   1.27110722e-01 ...,   0.00000000e+00
    0.00000000e+00   0.00000000e+00]
 [  1.50829852e-01   1.38484757e-01  -7.07038957e-03 ...,   0.00000000e+00
    0.00000000e+00   0.00000000e+00]
 [  2.16523806e-02   1.45813375e-02  -1.11003967e-01 ...,   0.00000000e+00
    0.00000000e+00   0.00000000e+00]]","[[  2.23319301e-06   2.64272674e-06   3.32490138e-06 ...,   0.00000000e+00
    0.00000000e+00   0.00000000e+00]]","[[  1.99618082e-04   6.78187341e-05   4.27560048e-05 ...,   0.00000000e+00
    0.00000000e+00   0.00000000e+00]
 [  1.01836327e-01   2.34782015e-02   5.00498542e-02 ...,   0.00000000e+00
    0.00000000e+00   0.00000000e+00]
 [  9.68122416e-04   1.18657368e-03   7.80428223e-04 ...,   0.00000000e+00
    0.00000000e+00   0.00000000e+00]
 ..., 
 [  5.04830369e-04   1.30763015e-04   1.21401057e-04 ...,   0.00000000e+00
    0.00000000e+00   0.00000000e+00]
 [  1.71707230e-03   7.28014325e-04   6.32991691e-04 ...,   0.00000000e+00
    0.00000000e+00   0.00000000e+00]
 [  1.46892149e-02   1.34190142e-01   1.20481836e-01 ...,   0.00000000e+00
    0.00000000e+00   0.00000000e+00]]","[[ 0.          0.02962397  0.00323164 ...,  0.          0.          0.        ]]","[[ 0.30163956  0.30458052  0.3081501  ...,  0.          0.          0.        ]]","[[ 0.57280648  0.28788145  0.25082595 ...,  0.          0.          0.        ]]","[[ 0.07884856  0.06508135  0.04505632 ...,  0.          0.          0.        ]]",[ 4503.11081365],"[[ 2.99523607  2.9979957   2.97506096 ...,  0.          0.          0.        ]]","[[ 0.08078788  0.03718735  0.03645644 ...,  0.          0.          0.        ]]","[[ 0.025   0.0125  0.005  ...,  0.      0.      0.    ]]"
16a04Ea,[ 1094.],"[[ 0.22292132  0.23152047  0.23534656 ...,  0.          0.          0.        ]]","[[-36.46521974 -34.75576294 -33.24297505 ...,   0.           0.           0.        ]
 [  0.951978     0.45343277   0.24171148 ...,   0.           0.           0.        ]
 [ -0.83760422  -1.19551741  -1.26518164 ...,   0.           0.           0.        ]
 ..., 
 [  0.19956466   0.04139907   0.0534953  ...,   0.           0.           0.        ]
 [  0.10553344   0.26032891  -0.11169135 ...,   0.           0.           0.        ]
 [  0.12996046   0.31768277   0.33018514 ...,   0.           0.           0.        ]]","[[  2.90740732e-06   5.93628660e-06   1.17462411e-05 ...,   0.00000000e+00
    0.00000000e+00   0.00000000e+00]]","[[ 0.00092221  0.00090125  0.00051999 ...,  0.          0.          0.        ]
 [ 0.07833515  0.08521596  0.01996725 ...,  0.          0.          0.        ]
 [ 0.00108458  0.00787279  0.03001353 ...,  0.          0.          0.        ]
 ..., 
 [ 0.00084926  0.00200351  0.00203529 ...,  0.          0.          0.        ]
 [ 0.00060335  0.00101082  0.00195615 ...,  0.          0.          0.        ]
 [ 0.06940544  0.01005335  0.01026915 ...,  0.          0.          0.        ]]","[[ 0.          0.00678762  0.00481604 ...,  0.          0.          0.        ]]","[[ 0.24534518  0.23030553  0.20605483 ...,  0.          0.          0.        ]]","[[ 1.11567138  1.39675535  1.53063655 ...,  0.          0.          0.        ]]","[[ 0.11639549  0.11138924  0.14392991 ...,  0.          0.          0.        ]]",[ 3960.86013386],"[[ 2.54152419  3.01759341  3.02235566 ...,  0.          0.          0.        ]]","[[ 0.02799176  0.02702308  0.01073699 ...,  0.          0.          0.        ]]","[[ 0.155   0.1625  0.2075 ...,  0.      0.      0.    ]]"
16a05Ea,[ 1381.],"[[ 0.20311171  0.22630938  0.23822153 ...,  0.          0.          0.        ]]","[[ -4.08026804e+01  -4.10837565e+01  -4.01071020e+01 ...,   0.00000000e+00
    0.00000000e+00   0.00000000e+00]
 [  1.93915998e+00   1.77223949e+00   2.15058711e+00 ...,   0.00000000e+00
    0.00000000e+00   0.00000000e+00]
 [  5.58336056e-01   5.83939495e-01   4.00593226e-01 ...,   0.00000000e+00
    0.00000000e+00   0.00000000e+00]
 ..., 
 [  4.06316876e-02   2.82239695e-01   2.61720527e-02 ...,   0.00000000e+00
    0.00000000e+00   0.00000000e+00]
 [  9.41440981e-03   2.39946692e-01   1.66741153e-02 ...,   0.00000000e+00
    0.00000000e+00   0.00000000e+00]
 [  2.02857156e-02   1.29779535e-02   1.20545960e-01 ...,   0.00000000e+00
    0.00000000e+00   0.00000000e+00]]","[[  5.44420882e-07   3.97745826e-07   2.75271402e-07 ...,   0.00000000e+00
    0.00000000e+00   0.00000000e+00]]","[[  1.05856108e-04   1.10663444e-04   4.08011910e-04 ...,   0.00000000e+00
    0.00000000e+00   0.00000000e+00]
 [  3.37744114e-02   4.36437881e-02   4.09336230e-02 ...,   0.00000000e+00
    0.00000000e+00   0.00000000e+00]
 [  4.18119613e-04   1.67481425e-04   3.04957501e-03 ...,   0.00000000e+00
    0.00000000e+00   0.00000000e+00]
 ..., 
 [  1.40030765e-04   2.26411972e-04   1.09671548e-03 ...,   0.00000000e+00
    0.00000000e+00   0.00000000e+00]
 [  4.23930287e-04   3.36000537e-04   2.48121988e-03 ...,   0.00000000e+00
    0.00000000e+00   0.00000000e+00]
 [  1.29684735e-01   1.25968809e-01   7.09308112e-02 ...,   0.00000000e+00
    0.00000000e+00   0.00000000e+00]]","[[ 0.          0.00134821  0.02582332 ...,  0.          0.          0.        ]]","[[ 0.28074871  0.29079351  0.29149868 ...,  0.          0.          0.        ]]","[[ 0.11509389  0.15386014  0.36862849 ...,  0.          0.          0.        ]]","[[ 0.03629537  0.07259074  0.11138924 ...,  0.          0.          0.        ]]",[ 2811.10992314],"[[ 2.62976855  2.45937367  2.39263446 ...,  0.          0.          0.        ]]","[[ 0.03845447  0.03760577  0.06985643 ...,  0.          0.          0.        ]]","[[ 0.005   0.005   0.0225 ...,  0.      0.      0.    ]]"
16a07Ea,[ 1186.],"[[ 0.31745486  0.24381519  0.16422989 ...,  0.          0.          0.        ]]","[[ -3.92347156e+01  -3.58644599e+01  -2.81611309e+01 ...,   0.00000000e+00
    0.00000000e+00   0.00000000e+00]
 [  1.56180616e+00   2.51349987e+00   2.71641219e+00 ...,   0.00000000e+00
    0.00000000e+00   0.00000000e+00]
 [  6.55279452e-01   4.18343890e-01   1.01332871e+00 ...,   0.00000000e+00
    0.00000000e+00   0.00000000e+00]
 ..., 
 [  1.76664179e-01   2.01517168e-01  -4.05877514e-01 ...,   0.00000000e+00
    0.00000000e+00   0.00000000e+00]
 [  3.29473101e-02  -2.12705954e-01  -4.98773309e-01 ...,   0.00000000e+00
    0.00000000e+00   0.00000000e+00]
 [ -6.77807283e-02   1.81260359e-01   4.89611932e-02 ...,   0.00000000e+00
    0.00000000e+00   0.00000000e+00]]","[[  3.78698342e-07   2.07914200e-06   1.21765609e-03 ...,   0.00000000e+00
    0.00000000e+00   0.00000000e+00]]","[[ 0.00063017  0.0030694   0.00290845 ...,  0.          0.          0.        ]
 [ 0.12546616  0.02081862  0.01796336 ...,  0.          0.          0.        ]
 [ 0.00312762  0.01064312  0.03350514 ...,  0.          0.          0.        ]
 ..., 
 [ 0.00070371  0.01941057  0.00108341 ...,  0.          0.          0.        ]
 [ 0.00133181  0.01612855  0.0027984  ...,  0.          0.          0.        ]
 [ 0.05491679  0.04224149  0.00364579 ...,  0.          0.          0.        ]]","[[ 0.          0.00709042  0.01359463 ...,  0.          0.          0.        ]]","[[ 0.30824528  0.28544931  0.20117619 ...,  0.          0.          0.        ]]","[[ 0.80259124  0.59870565  0.32018897 ...,  0.          0.          0.        ]]","[[ 0.14643304  0.17021277  0.08886108 ...,  0.          0.          0.        ]]",[ 5192.15860698],"[[ 2.78406323  1.63196393  1.85688838 ...,  0.          0.          0.        ]]","[[ 0.04783114  0.0211887   0.03196588 ...,  0.          0.          0.        ]]","[[ 0.0725  0.0675  0.065  ...,  0.      0.      0.    ]]"
16b01Eb,[ 1409.],"[[ 0.23471688  0.22695237  0.20261284 ...,  0.          0.          0.        ]]","[[ -3.92021350e+01  -3.88308606e+01  -3.76110144e+01 ...,   0.00000000e+00
    0.00000000e+00   0.00000000e+00]
 [  1.54049060e+00   1.44424589e+00   2.10569594e+00 ...,   0.00000000e+00
    0.00000000e+00   0.00000000e+00]
 [  7.17628069e-01   7.31201248e-01   1.31639162e+00 ...,   0.00000000e+00
    0.00000000e+00   0.00000000e+00]
 ..., 
 [ -1.85489989e-01   3.01504425e-01   1.32614314e-01 ...,   0.00000000e+00
    0.00000000e+00   0.00000000e+00]
 [ -6.70706654e-02  -1.58056649e-01  -5.44640754e-01 ...,   0.00000000e+00
    0.00000000e+00   0.00000000e+00]
 [ -3.35205336e-02   8.56109007e-02  -1.26833531e-01 ...,   0.00000000e+00
    0.00000000e+00   0.00000000e+00]]","[[  2.26816788e-06   2.17816281e-06   2.29050706e-06 ...,   0.00000000e+00
    0.00000000e+00   0.00000000e+00]]","[[  3.05492326e-05   1.68516354e-04   2.08460247e-04 ...,   0.00000000e+00
    0.00000000e+00   0.00000000e+00]
 [  8.57350168e-02   6.00986312e-02   1.10882244e-01 ...,   0.00000000e+00
    0.00000000e+00   0.00000000e+00]
 [  6.32360585e-04   3.25878642e-04   1.32157577e-02 ...,   0.00000000e+00
    0.00000000e+00   0.00000000e+00]
 ..., 
 [  7.10184887e-05   1.00709759e-04   2.19598273e-04 ...,   0.00000000e+00
    0.00000000e+00   0.00000000e+00]
 [  9.88576252e-04   1.44665794e-03   8.49555772e-03 ...,   0.00000000e+00
    0.00000000e+00   0.00000000e+00]
 [  4.51764476e-02   1.24388120e-01   8.72575056e-02 ...,   0.00000000e+00
    0.00000000e+00   0.00000000e+00]]","[[ 0.          0.01403796  0.0129169  ...,  0.          0.          0.        ]]","[[ 0.2955496   0.28866359  0.26408187 ...,  0.          0.          0.        ]]","[[ 0.17598157  0.16275429  0.27159314 ...,  0.          0.          0.        ]]","[[ 0.09386733  0.04505632  0.05757196 ...,  0.          0.          0.        ]]",[ 4794.1343327],"[[ 2.62440659  2.77071687  2.79801566 ...,  0.          0.          0.        ]]","[[ 0.07312608  0.03762501  0.03537875 ...,  0.          0.          0.        ]]","[[ 0.0075  0.005   0.03   ...,  0.      0.      0.    ]]"
16b02Eb,[ 1089.],"[[ 0.25604414  0.24125956  0.26575045 ...,  0.          0.          0.        ]]","[[ -3.88257403e+01  -3.75882555e+01  -3.86706426e+01 ...,   0.00000000e+00
    0.00000000e+00   0.00000000e+00]
 [  1.50000504e+00   1.75154471e+00   1.29980883e+00 ...,   0.00000000e+00
    0.00000000e+00   0.00000000e+00]
 [  6.25733390e-01   5.58642471e-01   6.88265244e-01 ...,   0.00000000e+00
    0.00000000e+00   0.00000000e+00]
 ..., 
 [  3.72654000e-02  -1.02080406e-03   1.25428154e-01 ...,   0.00000000e+00
    0.00000000e+00   0.00000000e+00]
 [ -2.36413876e-01   1.32898469e-01   1.37906554e-01 ...,   0.00000000e+00
    0.00000000e+00   0.00000000e+00]
 [ -5.38764810e-04   2.14321475e-01   6.91051164e-02 ...,   0.00000000e+00
    0.00000000e+00   0.00000000e+00]]","[[  2.77264212e-06   2.96132309e-06   2.04791356e-06 ...,   0.00000000e+00
    0.00000000e+00   0.00000000e+00]]","[[  5.96368593e-05   4.58049816e-04   3.39999612e-04 ...,   0.00000000e+00
    0.00000000e+00   0.00000000e+00]
 [  1.66529122e-01   6.61661686e-02   4.77076921e-02 ...,   0.00000000e+00
    0.00000000e+00   0.00000000e+00]
 [  1.91288357e-03   3.22829596e-04   4.61195021e-04 ...,   0.00000000e+00
    0.00000000e+00   0.00000000e+00]
 ..., 
 [  2.32681076e-04   5.51870519e-04   3.42293054e-04 ...,   0.00000000e+00
    0.00000000e+00   0.00000000e+00]
 [  4.58905284e-04   9.76636092e-04   1.91347947e-03 ...,   0.00000000e+00
    0.00000000e+00   0.00000000e+00]
 [  3.26130739e-03   3.55253894e-02   4.71973613e-02 ...,   0.00000000e+00
    0.00000000e+00   0.00000000e+00]]","[[ 0.          0.00733955  0.0048187  ...,  0.          0.          0.        ]]","[[ 0.30456847  0.29432086  0.29810447 ...,  0.          0.          0.        ]]","[[ 0.21783469  0.29538086  0.31200891 ...,  0.          0.          0.        ]]","[[ 0.05256571  0.04881101  0.02002503 ...,  0.          0.          0.        ]]",[ 5315.78423189],"[[ 2.39299909  2.47276112  3.03626728 ...,  0.          0.          0.        ]]","[[ 0.09055976  0.0853766   0.07670479 ...,  0.          0.          0.        ]]","[[ 0.0075  0.0125  0.0075 ...,  0.      0.      0.    ]]"
16b03Ea,[ 1205.],"[[ 0.2897467   0.28621615  0.33456851 ...,  0.          0.          0.        ]]","[[-39.08498987 -39.20854739 -37.24422952 ...,   0.           0.           0.        ]
 [  0.71539428   0.74589974   0.27357365 ...,   0.           0.           0.        ]
 [  0.34424702   0.26022214   0.16563802 ...,   0.           0.           0.        ]
 ..., 
 [  0.13656361   0.36422261   0.36402114 ...,   0.           0.           0.        ]
 [ -0.12625354  -0.16500125   0.04159004 ...,   0.           0.           0.        ]
 [  0.26871727   0.20226706   0.15282592 ...,   0.           0.           0.        ]]","[[  1.56517310e-06   7.65191313e-07   9.81233271e-07 ...,   0.00000000e+00
    0.00000000e+00   0.00000000e+00]]","[[  6.97846810e-05   1.69337473e-04   2.05632636e-03 ...,   0.00000000e+00
    0.00000000e+00   0.00000000e+00]
 [  9.99857184e-03   7.57630581e-02   3.76924075e-02 ...,   0.00000000e+00
    0.00000000e+00   0.00000000e+00]
 [  3.47557072e-04   1.09585309e-03   2.58891665e-03 ...,   0.00000000e+00
    0.00000000e+00   0.00000000e+00]
 ..., 
 [  1.94772046e-04   4.87100563e-04   5.17108037e-03 ...,   0.00000000e+00
    0.00000000e+00   0.00000000e+00]
 [  1.15183382e-03   2.26971429e-03   5.24251288e-03 ...,   0.00000000e+00
    0.00000000e+00   0.00000000e+00]
 [  1.44792054e-01   8.74999518e-02   2.51554458e-02 ...,   0.00000000e+00
    0.00000000e+00   0.00000000e+00]]","[[ 0.          0.00979752  0.01376162 ...,  0.          0.          0.        ]]","[[ 0.2817014   0.28990602  0.2986508  ...,  0.          0.          0.        ]]","[[ 0.50513919  0.70714226  1.98750941 ...,  0.          0.          0.        ]]","[[ 0.04255319  0.10513141  0.1902378  ...,  0.          0.          0.        ]]",[ 3818.51083539],"[[ 3.0954471   2.97414581  2.69926297 ...,  0.          0.          0.        ]]","[[ 0.03957752  0.03853271  0.04080417 ...,  0.          0.          0.        ]]","[[ 0.0075  0.11    0.3475 ...,  0.      0.      0.    ]]"
16b09Eb,[ 1162.],"[[ 0.2690158   0.30180232  0.14861104 ...,  0.          0.          0.        ]]","[[ -4.14023249e+01  -4.12790488e+01  -3.66690832e+01 ...,   0.00000000e+00
    0.00000000e+00   0.00000000e+00]
 [  1.50042201e+00   1.59582733e+00   2.90479728e+00 ...,   0.00000000e+00
    0.00000000e+00   0.00000000e+00]
 [  5.63406273e-01   3.63119735e-01  -2.33023204e-01 ...,   0.00000000e+00
    0.00000000e+00   0.00000000e+00]
 ..., 
 [  2.46486031e-01   1.22979365e-01   3.37201467e-01 ...,   0.00000000e+00
    0.00000000e+00   0.00000000e+00]
 [  9.04220548e-02   4.68986589e-02  -4.47887273e-02 ...,   0.00000000e+00
    0.00000000e+00   0.00000000e+00]
 [ -4.63879081e-02   1.99903050e-02  -2.45185773e-01 ...,   0.00000000e+00
    0.00000000e+00   0.00000000e+00]]","[[  2.65873411e-07   1.84843075e-07   8.81224138e-06 ...,   0.00000000e+00
    0.00000000e+00   0.00000000e+00]]","[[ 0.00018942  0.00050396  0.05297668 ...,  0.          0.          0.        ]
 [ 0.02840879  0.06602239  0.00612361 ...,  0.          0.          0.        ]
 [ 0.0005025   0.00053462  0.00405725 ...,  0.          0.          0.        ]
 ..., 
 [ 0.00021795  0.00020787  0.00089698 ...,  0.          0.          0.        ]
 [ 0.00226205  0.00346071  0.00494124 ...,  0.          0.          0.        ]
 [ 0.03818557  0.00222199  0.02604041 ...,  0.          0.          0.        ]]","[[ 0.          0.0088889   0.04840932 ...,  0.          0.          0.        ]]","[[ 0.30512712  0.31047355  0.21767293 ...,  0.          0.          0.        ]]","[[ 0.31068614  0.46023492  0.06871863 ...,  0.          0.          0.        ]]","[[ 0.07509387  0.077597    0.07634543 ...,  0.          0.          0.        ]]",[ 3354.07886013],"[[ 2.47977634  2.96387189  1.82995733 ...,  0.          0.          0.        ]]","[[ 0.09027406  0.10228499  0.02286278 ...,  0.          0.          0.        ]]","[[ 0.0075  0.0125  0.0575 ...,  0.      0.      0.    ]]"
16b10Eb,[ 960.],"[[ 0.20599288  0.15190524  0.17278868 ...,  0.          0.          0.        ]]","[[ -3.65191055e+01  -3.97371258e+01  -3.76203808e+01 ...,   0.00000000e+00
    0.00000000e+00   0.00000000e+00]
 [  1.38087388e+00   1.53550473e+00   2.13245354e+00 ...,   0.00000000e+00
    0.00000000e+00   0.00000000e+00]
 [  7.40877712e-01   7.07108076e-01   5.48114357e-01 ...,   0.00000000e+00
    0.00000000e+00   0.00000000e+00]
 ..., 
 [ -2.08218690e-01   2.02459292e-01   1.71852849e-01 ...,   0.00000000e+00
    0.00000000e+00   0.00000000e+00]
 [ -3.32166238e-01   1.48968049e-01   3.60038804e-02 ...,   0.00000000e+00
    0.00000000e+00   0.00000000e+00]
 [  6.67541898e-04   2.29939104e-01   2.11557213e-01 ...,   0.00000000e+00
    0.00000000e+00   0.00000000e+00]]","[[  3.32870547e-06   5.16369729e-06   4.51273834e-06 ...,   0.00000000e+00
    0.00000000e+00   0.00000000e+00]]","[[  3.04901059e-03   1.74976938e-05   1.88977281e-04 ...,   0.00000000e+00
    0.00000000e+00   0.00000000e+00]
 [  4.43269484e-02   3.05021707e-02   1.47457278e-01 ...,   0.00000000e+00
    0.00000000e+00   0.00000000e+00]
 [  2.16960161e-03   1.74364834e-04   1.29124020e-03 ...,   0.00000000e+00
    0.00000000e+00   0.00000000e+00]
 ..., 
 [  7.86005230e-04   4.15923985e-05   6.69030421e-04 ...,   0.00000000e+00
    0.00000000e+00   0.00000000e+00]
 [  1.81577251e-03   8.29204575e-05   1.00094495e-03 ...,   0.00000000e+00
    0.00000000e+00   0.00000000e+00]
 [  9.46773621e-02   1.37422847e-01   5.06222697e-02 ...,   0.00000000e+00
    0.00000000e+00   0.00000000e+00]]","[[ 0.          0.04683076  0.06290459 ...,  0.          0.          0.        ]]","[[ 0.23335461  0.25199933  0.25436724 ...,  0.          0.          0.        ]]","[[ 0.60272481  0.04248145  0.13231315 ...,  0.          0.          0.        ]]","[[ 0.06633292  0.01001252  0.06132666 ...,  0.          0.          0.        ]]",[ 4133.49827628],"[[ 3.11933436  2.62538029  2.20990608 ...,  0.          0.          0.        ]]","[[ 0.04200663  0.04004081  0.06848685 ...,  0.          0.          0.        ]]","[[ 0.0625  0.0075  0.0125 ...,  0.      0.      0.    ]]"
